,season,name,textblob_sentiment,sentiment_bert_average_score,sentiment_xlnet_average_score,bert_relevance,relevance_score,frequency
0,2010,Al Harrington,0.0322815091754486,0.615266012210472,0.6102737764907039,0.527045488357544,0.0006413033165588,3
1,2010,Al Horford,0.0484222637631729,0.5975073248732323,0.5481711783829857,0.5281317830085754,0.0009619549748382,2
2,2010,Al Jefferson,0.0731523758973791,0.5887928250568365,0.5850761841714772,0.5273613929748535,0.0024765477868528,3
3,2010,Allen Iverson,0.0,0.5296669602394104,0.5502549409866333,0.5240400433540344,0.0,1
4,2010,Amar'e Stoudemire,0.0,0.5280919075012207,0.7067809700965881,0.543718695640564,0.0,1
5,2010,Andre Miller,0.0926882663407053,0.5760467797517776,0.5812797513273027,0.5220761895179749,0.0616113221589233,6
6,2010,Andrea Bargnani,0.2366198865733748,0.5677419097527213,0.5666976000951685,0.5314929485321045,0.0018285459338642,1
7,2010,Andrew Bogut,0.2156756438006437,0.6016583310233221,0.6088237563769022,0.5138013958930969,0.0917836355580646,3
8,2010,Andrew Bynum,0.2522723803973803,0.5723225937949286,0.5465111633141836,0.5252323746681213,0.0187347143342237,3
9,2010,Anthony Tolliver,0.1074376885740522,0.5975322212491717,0.6016859837940761,0.519020676612854,0.0,1
10,2010,Baron Davis,0.1959271968070072,0.5841270925677847,0.6077141946243917,0.5028625726699829,0.0025527278081401,10
11,2010,Brandon Jennings,0.1635111941930125,0.5854365159483517,0.5630141952458549,0.509989857673645,0.0019239099496764,1
12,2010,Brandon Roy,0.0599749661113297,0.5817097173017614,0.5696644853143131,0.5197175741195679,0.0003847819899352,5
13,2010,Brandon Rush,0.1354744413835323,0.5867385331760435,0.5760815099758261,0.5221421122550964,0.0019440484794027,2
14,2010,Brook Lopez,0.0265412748171368,0.6042667410590432,0.5606619787938667,0.5107244253158569,0.0038706676895087,1
15,2010,Carmelo Anthony,0.0659319821592549,0.5807402985436576,0.576524725982121,0.531563937664032,0.0585006792499055,5
16,2010,Chauncey Billups,0.0,0.6897717118263245,0.6465855836868286,0.5368766784667969,0.2304206444871469,1
17,2010,Chris Bosh,0.0327022388386025,0.5807796225828283,0.5424343431697173,0.5248888731002808,0.1168356561255564,5
18,2010,Chris Duhon,0.1635111941930125,0.5644183123812956,0.5769725652302012,0.5221039056777954,0.0019239099496764,1
19,2010,Chris Kaman,0.1635111941930125,0.5527362157316769,0.5760461021872127,0.5262837409973145,0.0019239099496764,1
20,2010,Chris Paul,0.0512436741880787,0.6215340599417687,0.5677250191569329,0.528622031211853,0.0712340294447961,10
21,2010,Courtney Lee,0.1459026613406373,0.5926814779779009,0.5845080464078493,0.5307422876358032,0.014313206075202,12
22,2010,Danilo Gallinari,0.0,0.6915561556816101,0.6374415755271912,0.531773030757904,0.0,1
23,2010,Danny Granger,0.1,0.6676145792007446,0.5825732350349426,0.5294076204299927,0.0,1
24,2010,David Lee,-0.0065398886827458,0.5966468964304242,0.5842707242284503,0.5298064351081848,0.0056066072857122,7
25,2010,Deron Williams,0.2167103602554624,0.5781180278826045,0.5486352741972361,0.5351227521896362,0.0008444092925178,3
26,2010,Derrick Rose,0.3511008403361344,0.6032645726203919,0.6103647518157959,0.5255123972892761,0.1226576333008063,5
27,2010,Devin Harris,0.1157152197193953,0.5803097930651355,0.572124341259832,0.524380624294281,0.0023977310738217,9
28,2010,Dirk Nowitzki,0.125,0.5691917687654495,0.699401468038559,0.536741316318512,0.0404390759155564,4
29,2010,Drew Gooden,0.1273748757555575,0.6036149188876152,0.5519538415329797,0.5365318655967712,0.0125645129186557,2
30,2010,Dwight Howard,0.3692309731172045,0.5943507164732147,0.6190288015959426,0.5102360844612122,0.1196586866881481,8
31,2010,Dwyane Wade,0.0,0.5068711042404175,0.5466958284378052,0.5202259421348572,0.0,1
32,2010,Earl Barron,0.2366198865733748,0.5935538048329561,0.5683303993681202,0.513433039188385,0.0018285459338642,1
33,2010,Elton Brand,0.1198615544777777,0.575675743928662,0.5907728614630523,0.5154513120651245,0.0047546282405363,9
34,2010,Eric Gordon,0.0113013740967495,0.5962551447356782,0.6048436250840249,0.5266140103340149,0.0050855127760958,14
35,2010,Gerald Wallace,0.1486669524311509,0.5635565271857893,0.5977402440126688,0.5259253978729248,0.0006135741019257,4
36,2010,Gilbert Arenas,0.132288557912325,0.6023474167263697,0.5754024456890803,0.523616373538971,0.0043846670048157,6
37,2010,Grant Hill,0.240489230540701,0.6017465628683567,0.5997204259037971,0.5032147765159607,0.0592475991836156,8
38,2010,Jamal Crawford,0.0,0.5624095797538757,0.5344771146774292,0.53203284740448,0.0,2
39,2010,Jason Kidd,0.1635111941930125,0.6051376461982727,0.5845245157971102,0.52412348985672,0.0038495835214652,1
40,2010,Jason Richardson,0.1274885912051986,0.5931767952111032,0.5830512223144372,0.528002142906189,0.0163196925092502,12
41,2010,Jason Terry,0.1677700609364742,0.5544813640912374,0.5958592442671458,0.518584668636322,0.0180799040325454,5
42,2010,Jason Thompson,0.3247294372294372,0.5843594439682507,0.5618800921809105,0.514467716217041,0.0226491925913974,3
43,2010,Jeff Green,0.0378312957686061,0.5772260303298632,0.6037217204769453,0.5198794603347778,0.0096595561587692,6
44,2010,Joe Johnson,0.1618280157342657,0.5752243176102638,0.6256682127714157,0.5286239981651306,0.0052299977716932,4
45,2010,John Salmons,0.0530548230150523,0.5779956721390287,0.5797056455165147,0.5285564064979553,0.0117437420019763,24
46,2010,Josh Smith,0.0270725900570862,0.6300335711903041,0.6218685030937194,0.528082013130188,0.0257299759809636,3
47,2010,Kenyon Martin,0.1685656121656121,0.5876951958193923,0.6149959076534618,0.5133218169212341,0.0102981817759853,2
48,2010,Kevin Martin,0.1066186128686128,0.5742625412013795,0.5953870476395995,0.5205262899398804,0.0228028069199852,18
49,2010,Kobe Bryant,0.1881929822606052,0.5907665120349044,0.6202527940982864,0.522912323474884,0.1093663087526297,24
50,2010,Lamar Odom,0.1097902097902097,0.5582535664240519,0.605174700419108,0.5116602182388306,0.0112738808156241,1
51,2010,LeBron James,0.0,0.5985045880079269,0.5366790145635605,0.5280039310455322,0.3040547350456849,4
52,2010,Luol Deng,0.1738318848083522,0.5699627581464761,0.6310363471166377,0.5237088203430176,0.0861035220425177,9
53,2010,Marc Gasol,0.1635111941930125,0.5797924539622139,0.5776145878960105,0.5098683834075928,0.0019239099496764,1
54,2010,Marvin Williams,0.0829217895394365,0.6052582545412911,0.5590501427650452,0.5287647247314453,0.0221057691347008,3
55,2010,Mike Conley,0.1246665931374043,0.5581724342990917,0.6114168197297685,0.5221288800239563,0.0067423871482429,5
56,2010,Mike Miller,0.1466756146903204,0.5970350056886673,0.5435818135738373,0.5301821231842041,0.0374174535729884,4
57,2010,Monta Ellis,0.25,0.5784756243228912,0.6003105640411377,0.525741457939148,0.1152103222435734,2
58,2010,Nenê,0.1163455294705294,0.5536367893218994,0.5566502273082733,0.5114051103591919,0.0038651644804014,5
59,2010,Pau Gasol,0.1758010623256524,0.5720695773760478,0.6531772508507683,0.5144921541213989,0.0048485567407577,5
60,2010,Paul Pierce,0.074876807288572,0.6117253516401563,0.6064714363643101,0.5224053263664246,0.0458422360500855,7
61,2010,Raja Bell,0.2366198865733748,0.5702846050262451,0.5683994526448457,0.5285742878913879,0.0018285459338642,1
62,2010,Rashard Lewis,-0.0666666666666666,0.5749460856119791,0.5944787859916687,0.5163344144821167,0.0,1
63,2010,Ray Allen,0.046541415714644,0.5710958358314302,0.5737237615717782,0.5190211534500122,0.0038996330971015,4
64,2010,Reggie Williams,0.2015137538680879,0.5684038305090952,0.5915089072909371,0.5290474891662598,0.0005066455755107,5
65,2010,Richard Hamilton,0.1435690784909535,0.5777373686432838,0.5930260851979255,0.5114561319351196,0.256782034456037,10
66,2010,Richard Jefferson,0.086261491319527,0.5632791910852705,0.582730569725945,0.5000077486038208,0.0105530772826645,7
67,2010,Rodney Stuckey,0.0,0.5256375670433044,0.7045718431472778,0.5287336707115173,0.0,1
68,2010,Ronnie Brewer,0.2366198865733748,0.5675044966780621,0.5720656099526779,0.5246517062187195,0.0012188332072001,1
69,2010,Rudy Gay,0.1,0.5334028005599976,0.6315656900405884,0.5255078077316284,0.0,1
70,2010,Russell Westbrook,0.1635111941930125,0.5799567418939927,0.5641701396773843,0.5145369172096252,0.005777023141511,1
71,2010,Shawn Marion,0.4842540396111825,0.6053522740091597,0.5726661086082458,0.5198789834976196,0.084937745424046,2
72,2010,Stephen Curry,0.055113161692109,0.5744978537162145,0.5598320927884844,0.5232797265052795,0.0105946931424774,3
73,2010,Stephen Jackson,0.0886240653286107,0.5826966198556351,0.5962776966167219,0.5220630764961243,0.0685391059726159,22
74,2010,Steve Nash,0.0701802916177148,0.5832157947123051,0.6208870255698761,0.5302899479866028,0.0944915340875377,8
75,2010,Tayshaun Prince,0.2366198865733748,0.5822117613709491,0.5837918779124385,0.5211851596832275,0.0012188332072001,1
76,2010,Thaddeus Young,0.1469608068151408,0.5734618550647178,0.594114850878701,0.5139241218566895,0.0026824948523461,5
77,2010,Tim Duncan,0.0556893230777159,0.5874259809652964,0.5830065563321113,0.5218837261199951,0.014294244344899,12
78,2010,Tony Parker,0.0860697980433308,0.5571161657571793,0.5770695358514786,0.5216269493103027,0.0261066508047097,4
79,2010,Troy Murphy,0.1117279210723953,0.5750193734549813,0.5674408074054453,0.5212217569351196,0.0051699740534707,4
80,2010,Tyreke Evans,0.4,0.6558625996112823,0.7292508780956268,0.5050502419471741,0.2614620203683372,2
81,2010,Vince Carter,0.2584081670210925,0.5925928351435235,0.5586357362219615,0.5223991870880127,0.0317801690560822,10
82,2010,Wilson Chandler,0.0877130063454099,0.6102785237593108,0.5881981451633317,0.5294552445411682,0.0071467751908458,8
83,2010,Zach Randolph,0.0788732955244582,0.5759656524312669,0.622646152973175,0.5205573439598083,0.0635622468188701,3
0,2011,Al Jefferson,0.0,0.6287586092948914,0.5591305494308472,0.6514989733695984,0.0,1
1,2011,Andre Miller,0.1104246182572978,0.5813270768633595,0.575434076703257,0.6384049654006958,0.0088693569815184,6
2,2011,Andrea Bargnani,0.1135656558059939,0.5751444653382852,0.5961198127816236,0.6088821887969971,0.0328124152081154,3
3,2011,Andrew Bogut,0.1229072398190044,0.5672341088453928,0.6591838598251343,0.6480107307434082,0.0397139882265895,2
4,2011,Anthony Morrow,0.0,0.5572544634342194,0.5328851640224457,0.6620246171951294,0.0,2
5,2011,Brook Lopez,0.0693552993075018,0.5810368042957348,0.5751852569648621,0.6708540916442871,0.0196682348270445,3
6,2011,Carlos Boozer,0.0884615384615384,0.5445191065470377,0.6547491153081259,0.6386427283287048,0.0454001182924026,1
7,2011,Carlos Delfino,0.0884615384615384,0.5645761887232462,0.5408426721890768,0.6094268560409546,0.0454001182924026,1
8,2011,Chris Bosh,0.0,0.5782660841941833,0.5346035957336426,0.6323909759521484,0.0,1
9,2011,Chris Paul,0.0741978609625668,0.5534812702852137,0.6208111328237197,0.6339377760887146,0.0247419916403563,17
10,2011,Danny Granger,-0.0304941551153672,0.6198904265960058,0.6246322840452194,0.6266646981239319,0.0188341316204678,3
11,2011,David Lee,0.1433100233100233,0.5995256098417135,0.6542672996337597,0.619097888469696,0.1126055656320905,13
12,2011,DeMar DeRozan,0.0970093228698301,0.5810877472370655,0.5837425374901378,0.620638906955719,0.0204028028580285,2
13,2011,Deron Williams,0.1496099817188904,0.6078591904579065,0.5817591806808552,0.6328219771385193,0.0319228509509622,10
14,2011,Derrick Rose,0.1789848484848484,0.5654138624668121,0.5623204559087753,0.6384246945381165,0.0368821315736855,1
15,2011,Devin Harris,-0.0140692859712169,0.5657438298176025,0.5546515648819359,0.6358411908149719,0.0027546560980219,8
16,2011,Elton Brand,0.0400960361187633,0.5903960903485616,0.6024030804634094,0.7050974369049072,0.0511582999883376,6
17,2011,Eric Gordon,0.036112129358097,0.5693483725190163,0.5869666382670402,0.6338304281234741,0.2131361371037693,4
18,2011,Gilbert Arenas,0.0609895365577183,0.562406450510025,0.5703480492035549,0.6244279146194458,0.0383918947315151,2
19,2011,Grant Hill,0.0593654527733474,0.5768987579478158,0.6146114753352271,0.6840337514877319,0.2098526950320613,15
20,2011,Jamal Crawford,0.1573529411764705,0.5490066409111023,0.6287971536318461,0.626449465751648,0.0225936789311847,1
21,2011,Jason Richardson,0.0,0.5758030116558075,0.5253252685070038,0.6321434378623962,0.0,2
22,2011,Jason Terry,0.0,0.5718545913696289,0.5771492719650269,0.6610711216926575,0.0,1
23,2011,Jeff Green,0.1875287356321839,0.5872609987854958,0.6157153286039829,0.6526351571083069,0.0090322404227912,4
24,2011,Joe Johnson,0.0889029704265636,0.5774300316969554,0.5761387914419174,0.6279787421226501,0.1670501616244201,5
25,2011,John Salmons,0.0068783068783068,0.568430009815428,0.6368352837032742,0.6198869943618774,0.0018165910376141,9
26,2011,John Wall,0.0329651294527327,0.5666805660182779,0.6112751180475408,0.6543515920639038,0.0102325567136678,11
27,2011,Jordan Crawford,0.0653523365868086,0.5760972542422158,0.5938216234956469,0.6282880306243896,0.0279953029486033,7
28,2011,Josh Smith,0.0145163360604537,0.5654262941744592,0.5907582524749968,0.6357342004776001,0.079774552153878,6
29,2011,José Calderón,0.1466783216783216,0.6185761094093323,0.5862469871838888,0.6159125566482544,0.0,1
30,2011,Kevin Durant,0.2232828282828282,0.5644039511680603,0.5812428792317709,0.6081659197807312,0.022013488299652,1
31,2011,Kevin Love,0.0,0.5861644595861435,0.619296208024025,0.674298882484436,0.1051534644715145,4
32,2011,Kevin Martin,0.0293626659916252,0.5852247797525846,0.5994611254105202,0.6293163299560547,0.075804364686858,13
33,2011,Kyle Lowry,0.1715151515151515,0.5554786456955804,0.5437856449021233,0.6602009534835815,0.013978175549788,1
34,2011,Landry Fields,0.1573529411764705,0.5142127672831217,0.5395455559094747,0.7284337878227234,0.0225936789311847,1
35,2011,LeBron James,0.225,0.5427212417125702,0.5536009967327118,0.6410298347473145,0.1346363069449349,1
36,2011,Luol Deng,0.2107840229153813,0.5813797284804638,0.5975687637452095,0.6436859965324402,0.0757418446199732,14
37,2011,Michael Beasley,0.1190263296953437,0.5907458692789078,0.5605121180415154,0.6596611142158508,0.0206414039396233,2
38,2011,Mike Conley,0.1229072398190044,0.5984557569026947,0.5723467667897542,0.6447799205780029,0.0354373334197858,2
39,2011,Nenê,0.1421551581387647,0.5789935092131296,0.593117943406105,0.6530492305755615,0.0,12
40,2011,Nick Young,0.1095083496950379,0.5887123235247352,0.6047685585238717,0.6397901177406311,0.0433446773646382,11
41,2011,Paul Millsap,0.0335175346538983,0.5839253664016724,0.581120491027832,0.6414000988006592,0.024113748412331,1
42,2011,Paul Pierce,-0.0251081886687947,0.6019201278686523,0.590939246945911,0.6384194493293762,0.0599988891253049,6
43,2011,Raja Bell,0.344381313131313,0.5592659711837769,0.5506771273083158,0.6287212371826172,0.0071175613953784,1
44,2011,Ray Allen,0.062025104170698,0.6016547754406929,0.5888943299651146,0.6356234550476074,0.0143592544266333,6
45,2011,Richard Jefferson,0.2285740850700097,0.5809926924409059,0.602309868764625,0.6962346434593201,0.0009042629755142,7
46,2011,Stephen Curry,0.0157407407407407,0.5787630379199982,0.6251045614480972,0.6322842836380005,0.0152779478290349,1
47,2011,Stephen Jackson,0.1572673314339981,0.5543654220444815,0.6485696993176898,0.6434334516525269,0.0353209850464451,3
48,2011,Steve Nash,0.5,0.6129664182662964,0.619040310382843,0.6176502108573914,0.0,2
49,2011,Tony Parker,0.3487567987567987,0.6299814581871033,0.649884455733829,0.6429161429405212,0.0072422354517179,3
50,2011,Vince Carter,0.3333333333333333,0.5991969108581543,0.5729045867919922,0.6467956304550171,0.0,3
51,2011,Wesley Matthews,0.1507806553607186,0.5718405756448942,0.575492175443778,0.6478636860847473,0.0505508165882481,6
52,2011,Wilson Chandler,0.0936957128892612,0.5945387840270996,0.5835502624511719,0.6503173112869263,0.0062611443414319,1
0,2012,Al Jefferson,0.0389179202042574,0.5690781051913898,0.6423257316152255,0.5845980644226074,0.0013375332350457,2
1,2012,Andre Iguodala,0.2387205387205387,0.5688521265983582,0.5683818310499191,0.6066184639930725,0.0300022111749102,1
2,2012,Andrew Bogut,0.0549999999999999,0.5405017137527466,0.605532705783844,0.5645127296447754,0.0172757353305627,1
3,2012,Andrew Bynum,0.0549999999999999,0.5369302034378052,0.6391513347625732,0.5800080895423889,0.0172757353305627,1
4,2012,Blake Griffin,0.1732553245634641,0.5870022445917129,0.5755902096629143,0.5757060050964355,0.0217553901821935,2
5,2012,Brandon Bass,0.0189703153988868,0.608854614496231,0.5399715268611909,0.5587308406829834,0.1495818420007303,2
6,2012,Brandon Jennings,0.0,0.6471585035324097,0.5907844305038452,0.5610916018486023,0.295272774156973,1
7,2012,Brandon Knight,0.0949404761904761,0.543340265750885,0.5452562769254049,0.5680654048919678,0.2181161329481519,3
8,2012,Carmelo Anthony,0.1972659261699116,0.6072592396627773,0.5661973293983574,0.599454402923584,0.0084123314556012,3
9,2012,Chauncey Billups,0.2387205387205387,0.6010068506002426,0.5299033224582672,0.6047782301902771,0.0300022111749102,1
10,2012,Chris Bosh,0.1972659261699116,0.5629174144882144,0.5776796747337688,0.5798805952072144,0.0191381930018381,3
11,2012,Chris Paul,0.045548115079365,0.5973644902308782,0.6011641522248586,0.5747167468070984,0.0801417581222832,6
12,2012,Courtney Lee,0.1178225117197982,0.5746525309979915,0.5737203453977904,0.5719954967498779,0.0285479883464967,10
13,2012,Danny Granger,0.0,0.5451956987380981,0.5476287603378296,0.5906211137771606,0.0,1
14,2012,Darren Collison,0.1045454545454545,0.5925752073526382,0.587389200925827,0.5863546133041382,0.0262094817607647,1
15,2012,David Lee,0.0809620374014313,0.5801717815074053,0.592266318472949,0.5735630393028259,0.1794488958423254,11
16,2012,Deron Williams,0.1972659261699116,0.5491551991665001,0.5847152430902828,0.6021370887756348,0.0130802551152013,3
17,2012,Derrick Rose,0.1866978506962394,0.5605646073818207,0.5870265149407916,0.5896608829498291,0.0227660508878875,3
18,2012,Dwight Howard,0.1972659261699116,0.5603956905278292,0.5627590386253415,0.5625699758529663,0.0120529246835279,3
19,2012,Dwyane Wade,0.1627095122158383,0.5788033921836001,0.5501010871746324,0.5753130316734314,0.0175682522574749,4
20,2012,Eric Gordon,0.1240179573512906,0.5830388416846594,0.5638135224580765,0.5842200517654419,0.0273616232505964,3
21,2012,James Harden,0.1158669475417213,0.5665153350148882,0.5588764775367011,0.5816807746887207,0.032164934159838,3
22,2012,Jason Terry,0.0323525950961016,0.5505700376298692,0.5735739088720745,0.5591647624969482,0.1671211429102465,6
23,2012,Joe Johnson,0.1095588235294117,0.5317084789276123,0.5963559548060099,0.5884259343147278,0.0706292465838496,1
24,2012,John Wall,0.140625,0.5646701753139496,0.5482962876558304,0.5764533281326294,0.0738181935392432,4
25,2012,Josh Smith,0.0612639553429027,0.5919318447510401,0.5589133724570274,0.5886355638504028,0.0543021032628221,4
26,2012,José Calderón,0.0485003092145949,0.6068975782394409,0.5544957423210144,0.5973782539367676,0.0,4
27,2012,Kevin Durant,0.2387205387205387,0.601533442735672,0.5998307019472122,0.6090393662452698,0.0450915563258458,1
28,2012,Kevin Garnett,0.1266573336489382,0.5746139403312437,0.5650846717819091,0.600888192653656,0.0025768661962709,1
29,2012,Kevin Love,-0.0625,0.6421304047107697,0.5572195947170258,0.5573082566261292,0.173485318914878,2
30,2012,Kevin Martin,0.010297619047619,0.5565326909224192,0.5555201570192972,0.5758121609687805,0.1204546281969865,3
31,2012,Kobe Bryant,0.2589436026936026,0.6383908614516258,0.6414556428790092,0.5715216398239136,0.0424995548266046,2
32,2012,LaMarcus Aldridge,0.2387205387205387,0.5718684941530228,0.5393542796373367,0.5741922855377197,0.0224796631804416,1
33,2012,LeBron James,0.4392957351290684,0.5889789362748464,0.5389500906070074,0.592072606086731,0.2058823799943009,3
34,2012,Luol Deng,0.1861480218778072,0.5959180781018665,0.5928577722861753,0.5595824718475342,0.1509803593759189,19
35,2012,Marcus Thornton,0.0549999999999999,0.5901605188846588,0.6199195683002472,0.5763582587242126,0.0172757353305627,1
36,2012,Nick Young,-0.0303331270094428,0.5867631793022156,0.6527488887310028,0.5711488127708435,0.2116328032260162,10
37,2012,Paul Pierce,0.0858200056116722,0.5976785704493522,0.5828706368803978,0.5850349068641663,0.0201784895795998,4
38,2012,Ray Allen,0.2130138339920948,0.5708619058132172,0.5927921334902446,0.5728529691696167,0.01996732683953,2
39,2012,Rudy Gay,0.1266647961092405,0.5761028155684471,0.5576411634683609,0.5740440487861633,0.0150011055874551,2
40,2012,Russell Westbrook,0.2387205387205387,0.5995905995368958,0.5485106110572815,0.56707763671875,0.0224796631804416,1
41,2012,Ryan Anderson,0.0588112148268398,0.5814649512370428,0.5699447554846605,0.5659393072128296,0.0798746245997145,8
42,2012,Steve Nash,0.2343010752688172,0.5870642244815826,0.5485341171423594,0.6029580235481262,0.0182294057669549,3
43,2012,Tony Parker,0.2126377410468319,0.5930675864219666,0.5442891120910645,0.5841730237007141,0.0158904794247601,1
44,2012,Tyson Chandler,0.2387205387205387,0.5976075977087021,0.5735227316617966,0.5743522047996521,0.0300022111749102,1
45,2012,Wesley Matthews,0.0819526307026306,0.5651096370485095,0.6173392666710747,0.571195125579834,0.0839148931280208,3
0,2013,Anderson Varejão,0.1471153846153846,0.5945026278495789,0.6043628007173538,0.5334234237670898,0.0717733510918697,1
1,2013,Blake Griffin,0.1282589472377053,0.5722879493609071,0.5741365369409323,0.5176495909690857,0.0031683757139231,2
2,2013,Bradley Beal,0.1257573020727688,0.5788042511258806,0.5834168812206814,0.5227162837982178,0.0104874227420801,5
3,2013,Brandon Knight,-0.2916666666666666,0.6442763805389404,0.5896749198436737,0.5235323905944824,0.0,2
4,2013,Brook Lopez,0.1035588442565186,0.66241623406057,0.5492859957394777,0.5033844709396362,0.0062021482027895,2
5,2013,Carmelo Anthony,0.0540047915047914,0.6154609471559525,0.6110770106315613,0.5174157023429871,0.0367365753488255,3
6,2013,Chris Bosh,0.1760416666666666,0.5655060708522797,0.6461756229400635,0.5224829316139221,0.0868971476165857,1
7,2013,Chris Paul,0.0790519050785508,0.6041526640906478,0.6044652118827357,0.5271000266075134,0.1595147316156131,11
8,2013,David Lee,0.1523646031035193,0.5856408334913707,0.6028147410778771,0.5356442332267761,0.2596674732392228,7
9,2013,David West,0.0,0.5247282981872559,0.5589774250984192,0.5164547562599182,0.8812776867651353,1
10,2013,Dirk Nowitzki,0.1392622841076449,0.5631182715296745,0.588324137032032,0.5311224460601807,0.0144297907258257,1
11,2013,Dwight Howard,0.1075012750659302,0.5801004976034164,0.5785844936966896,0.5161900520324707,0.0257323832912299,2
12,2013,Eric Gordon,0.0866130762512341,0.5731607377529144,0.5394981304804485,0.5181981921195984,0.2120469810161694,2
13,2013,Evan Turner,0.0672954775771627,0.5862886858128366,0.56727172739449,0.5093415379524231,0.0139496997820751,4
14,2013,George Hill,-0.0197703222703222,0.5510805878374311,0.5829907920625476,0.5057173371315002,0.101872255002355,3
15,2013,Gerald Henderson,0.4166666666666667,0.6541917324066162,0.596998929977417,0.5059800744056702,0.0,1
16,2013,Gerald Wallace,0.1041666666666666,0.6441889554262161,0.6388161033391953,0.5033533573150635,0.0,4
17,2013,Glen Davis,0.0722594088140306,0.5681613485018412,0.5781456496980456,0.5089749693870544,0.1141556632903343,3
18,2013,Greg Monroe,0.0148989898989898,0.5863155126571655,0.6190241575241089,0.5041269063949585,0.0561967921782069,1
19,2013,J.R. Smith,0.1471153846153846,0.6143099516630173,0.5842928439378738,0.5164468884468079,0.057354686010077,1
20,2013,James Harden,0.1326685560556527,0.5492392778396606,0.5946758061647416,0.5153658390045166,0.0584431431212567,3
21,2013,Jeff Teague,0.0747474747474747,0.5371651351451874,0.5348421037197113,0.5001163482666016,0.0839489170172419,1
22,2013,Jeremy Lin,0.0413860544217687,0.5889162967602412,0.618097166220347,0.525844395160675,0.1414898012905287,4
23,2013,Joe Johnson,0.0800747863247863,0.582861507932345,0.6569478288292885,0.5217383503913879,0.2359125966330187,6
24,2013,John Wall,0.0297348484848484,0.5375872701406479,0.5814280211925507,0.5126287937164307,0.2893982584461948,4
25,2013,Josh Smith,0.0276928626928626,0.5769133865833282,0.5902610768874487,0.5094477534294128,0.0694412058008402,6
26,2013,José Calderón,0.0164448454771035,0.611632430837268,0.6191637618910699,0.5360575914382935,0.0,7
27,2013,Kevin Durant,0.8,0.5483819842338562,0.5260521769523621,0.5208863615989685,0.0,1
28,2013,Kevin Love,0.224719387755102,0.5712972978750864,0.5812122573455175,0.500428318977356,0.0733317337014637,4
29,2013,Kobe Bryant,0.0,0.6887484788894653,0.6411957144737244,0.517103910446167,0.8812776867651353,1
30,2013,Luol Deng,0.1160862669230155,0.5896816188538516,0.6191234091917673,0.5386849641799927,0.1755743932856995,9
31,2013,Mo Williams,0.0511004357338157,0.5699530364407434,0.5818830773565505,0.5145960450172424,0.2492553423081653,15
32,2013,Pau Gasol,0.1979527417027417,0.5825741648674011,0.6091962575912475,0.5037967562675476,0.0227404812089091,1
33,2013,Paul Pierce,0.0241082702020201,0.5840667858719826,0.6522707467277845,0.5165929198265076,0.0181334202602598,4
34,2013,Stephen Curry,0.0053787878787878,0.5702878601021237,0.5704460508293576,0.5247018337249756,0.0316763115610955,3
35,2013,Steve Nash,0.0639906268195742,0.5515884439150492,0.598724635442098,0.5194773077964783,0.0324392000269776,3
36,2013,Tim Duncan,0.5,0.5014232397079468,0.5276089310646057,0.5232474207878113,0.5823104607812899,1
37,2013,Tobias Harris,0.0583005521048999,0.6069668034712473,0.5681442519028982,0.5232776999473572,0.017957150850971,1
38,2013,Tony Parker,0.0092388531782471,0.5652183526092106,0.580568802025583,0.5174502730369568,0.0181925926375653,6
39,2013,Ty Lawson,0.0,0.7413931488990784,0.7315435409545898,0.5073487162590027,0.4955474798990937,1
40,2013,Tyson Chandler,0.0148989898989898,0.5432122151056925,0.5919421315193176,0.5296798348426819,0.0374100575841256,1
41,2013,Wesley Matthews,0.0707336403532055,0.5937243749698004,0.6342536856730779,0.5132097601890564,0.0246467617553452,3
0,2014,Al Jefferson,0.1095268337783307,0.5753856807947159,0.5737224280834198,0.5357359647750854,0.0044662480437679,1
1,2014,Andre Drummond,0.2215537988581467,0.6125959704319637,0.6002686818440754,0.5443906188011169,0.0094051480321918,2
2,2014,Anthony Davis,0.0342117254255876,0.6048264116048813,0.6102936828136445,0.55808424949646,0.1333864746177888,10
3,2014,Blake Griffin,0.0753175644301185,0.6622358327110609,0.5602647239963213,0.5681873559951782,0.0132032041618858,4
4,2014,Brandon Knight,-0.05,0.644622802734375,0.6505791544914246,0.5614914298057556,0.0,1
5,2014,Brook Lopez,0.0599857268335529,0.5640074447179452,0.5690042047928542,0.5090293288230896,0.0059906414113887,3
6,2014,Carmelo Anthony,0.1588937145105976,0.5690144062042236,0.5458568096160888,0.5788891315460205,0.0097690876652351,1
7,2014,Chris Paul,0.0555555555555555,0.5983639889293246,0.6341259214613173,0.5655890703201294,0.0538296148637314,9
8,2014,David Lee,0.062863017664154,0.5625428433219593,0.6121822347243626,0.5789051651954651,0.155014522900546,8
9,2014,DeMar DeRozan,0.047257313393677,0.6241544783115387,0.5866196602582932,0.5694683194160461,0.009264355340312,1
10,2014,Deron Williams,0.1588937145105976,0.591348934173584,0.5735897839069366,0.5659619569778442,0.0097690876652351,1
11,2014,Dwight Howard,0.1597976190476191,0.5621982961893082,0.5809762179851532,0.5495765209197998,0.0119944144001168,1
12,2014,Eric Gordon,0.0450183654729109,0.6255094110965729,0.568791796763738,0.5657735466957092,0.0080855778882125,4
13,2014,Evan Turner,-0.0391582491582491,0.6005778445137872,0.6238314708073934,0.5602705478668213,0.009087844616021,3
14,2014,George Hill,-0.0256944444444444,0.5529271066188812,0.6339856088161469,0.5346389412879944,0.201954000542487,4
15,2014,Glen Davis,0.1539746725136335,0.6537790973981221,0.5947320560614268,0.5517301559448242,0.0097940503442614,3
16,2014,Gordon Hayward,0.025,0.5748746991157532,0.601357102394104,0.5754536986351013,0.0,2
17,2014,Isaiah Thomas,0.0,0.5056522488594055,0.6211095750331879,0.5489680171012878,0.0,2
18,2014,J.R. Smith,0.1090130568356375,0.5848850309848785,0.590721438328425,0.5875625014305115,0.0121704357505389,1
19,2014,James Harden,0.0238888888888888,0.6234751343727112,0.5618111789226532,0.5647941827774048,0.0506101120396335,6
20,2014,Jeff Green,0.0155555555555555,0.5676763415336609,0.5867579579353333,0.5506359338760376,0.0693941275659511,5
21,2014,Jimmy Butler,-0.1333333333333333,0.5614843567212423,0.6218496163686117,0.5133764743804932,0.0,3
22,2014,Joe Johnson,0.2286465888008095,0.6178307503461837,0.6083052217960357,0.5667298436164856,0.1883071047130512,4
23,2014,John Wall,0.0251082251082251,0.5877126455307007,0.6265667762075152,0.5404929518699646,0.1996058733573565,14
24,2014,Jordan Crawford,0.1348454268521317,0.5731662358083421,0.5798158526184067,0.567678689956665,0.029578240330202,6
25,2014,José Calderón,0.1224446494029278,0.5776373089411679,0.5710969371121137,0.570038914680481,0.0005833554670981,10
26,2014,Kevin Love,0.0999999999999999,0.605166757106781,0.567294692993164,0.5301454663276672,0.1682455431544231,5
27,2014,Kevin Martin,0.0714285714285714,0.569217175245285,0.6495246440172195,0.5757943391799927,0.3812776867651352,4
28,2014,Kyle Lowry,0.1034937483630547,0.5405908829222122,0.6159573669234911,0.5521249175071716,0.0067585342749885,8
29,2014,LeBron James,0.0948529411764705,0.5400328901078967,0.5482778482966952,0.56600022315979,0.2197023822761264,3
30,2014,Luol Deng,0.1479166666666667,0.5748580023646355,0.5767893567681313,0.5574230551719666,0.0304977425722251,4
31,2014,Michael Carter-Williams,0.0469507819355518,0.5779451423221165,0.5670072942972183,0.5818279385566711,0.0090807583951047,12
32,2014,Mike Conley,0.0,0.5254670977592468,0.5733646154403687,0.5560497641563416,0.0,1
33,2014,Patrick Beverley,0.0,0.7101821899414062,0.5871002674102783,0.5536597371101379,0.0,1
34,2014,Paul George,-0.1447180134680134,0.568142232298851,0.5667613178491593,0.5669509768486023,0.2286150745251286,4
35,2014,Paul Millsap,0.0781351851146572,0.5528619984785716,0.5746791077156861,0.5652082562446594,0.0107173955454254,2
36,2014,Ramon Sessions,0.0823294521570384,0.5923890339003669,0.5640545090039571,0.5527623295783997,0.0037411414040367,1
37,2014,Robin Lopez,0.126468145293811,0.5799020651855274,0.5719657289421456,0.560584545135498,0.0097322116233063,8
38,2014,Ryan Anderson,0.1161570399764844,0.5923663808239831,0.6244927189416355,0.5669098496437073,0.0297252306807536,6
39,2014,Stephen Curry,0.1135521885521885,0.5340409742461311,0.5668291681342654,0.568107545375824,0.0092479671800559,3
40,2014,Steve Blake,0.0495960403266499,0.5632841274142265,0.5449833199381828,0.5622597932815552,0.1889336121064017,4
41,2014,Thaddeus Young,0.147335594035594,0.5955772399902344,0.5845275606427874,0.5117568969726562,0.010647018332789,1
42,2014,Tobias Harris,0.2186746340372294,0.6045352856318156,0.5873184310065375,0.5535712838172913,0.0027660905570809,3
43,2014,Wilson Chandler,0.0625,0.646405853331089,0.6110676154494286,0.5504862070083618,0.0,8
0,2015,Al Jefferson,-0.0166666666666666,0.5860225160916647,0.6607421040534973,0.5263979434967041,0.0,3
1,2015,Andrew Wiggins,0.2084925151632468,0.5617767898809342,0.5765889038642248,0.540337860584259,0.0110746818441073,3
2,2015,Anthony Davis,0.1063926388737313,0.5889028549194336,0.5506066739559173,0.5399381518363953,0.046136401904931,5
3,2015,Blake Griffin,0.1375,0.5652050375938416,0.5031806826591492,0.5443395376205444,0.0,1
4,2015,Chris Bosh,0.0,0.6459931135177612,0.6394787430763245,0.5412159562110901,0.0,1
5,2015,Chris Paul,0.0938267587587143,0.5864139993985494,0.5820557102560997,0.5396897196769714,0.2210962876170226,4
6,2015,Courtney Lee,0.1259711578962001,0.5890103905399642,0.6062127157052358,0.5372185111045837,0.0323108220982753,10
7,2015,Damian Lillard,0.1033057851239669,0.5803163647651672,0.6380044519901276,0.5339288711547852,0.1581956368178845,1
8,2015,DeAndre Jordan,0.1190704392408937,0.5645316402117411,0.6010590742031734,0.5490033626556396,0.0339238077935283,2
9,2015,Deron Williams,0.1534722222222222,0.5626354813575745,0.5588799118995667,0.5492767691612244,0.0628591446342588,1
10,2015,Derrick Rose,0.125,0.5604781210422516,0.5813252925872803,0.5369130969047546,0.0,2
11,2015,Draymond Green,0.0846686562595653,0.5814610660076142,0.5616220355033874,0.5162885189056396,0.0049884709527978,1
12,2015,Dwyane Wade,0.1033057851239669,0.5664359927177429,0.5832129120826721,0.5414518713951111,0.0351158064597631,1
13,2015,Enes Freedom,-0.0209563119670288,0.6334502700854231,0.5977368874130425,0.5270529985427856,0.0600816136920629,12
14,2015,Eric Gordon,0.0,0.6273462474346161,0.5853311717510223,0.5414683818817139,0.0,2
15,2015,J.R. Smith,0.0832569444444444,0.5367386341094971,0.6156474550565084,0.5595128536224365,0.0739174815993927,1
16,2015,James Harden,0.0,0.7786398530006409,0.7623063921928406,0.543045163154602,0.0,1
17,2015,Jeff Green,0.0820879830505116,0.6059089033553998,0.625898707099259,0.533638060092926,0.0536792251709575,16
18,2015,Jimmy Butler,0.0129038095238095,0.5943708109855652,0.6195434069633483,0.500307559967041,0.0125399636560221,5
19,2015,Joe Johnson,0.0,0.5914759039878845,0.5840184092521667,0.5492846369743347,0.4955474798990937,1
20,2015,John Wall,-0.0166666666666666,0.5422280728816986,0.5984333753585815,0.5281768441200256,0.2477737399495468,2
21,2015,Josh Smith,0.0859868595453497,0.5857207333048186,0.6022273222605388,0.5421955585479736,0.1948492826150985,10
22,2015,José Calderón,0.1367754893220966,0.5905043742283672,0.5613762500132022,0.5517466068267822,0.0,7
23,2015,Kevin Love,0.0134833180287725,0.6015571231643358,0.6299621413151423,0.510053277015686,0.2279270071484717,6
24,2015,Kevin Martin,0.0666513888888888,0.5957722385724386,0.603036896387736,0.5516105890274048,0.0147834963198785,5
25,2015,Klay Thompson,0.0,0.6859958171844482,0.6147745251655579,0.5348758697509766,0.0,1
26,2015,Kobe Bryant,0.0720643939393939,0.6100764175256094,0.5702334344387054,0.5624289512634277,0.4236838061741845,3
27,2015,Kyle Lowry,0.1220238095238095,0.5531070033709208,0.5466730296611786,0.5364219546318054,0.0217414061563304,1
28,2015,LeBron James,0.1551948051948052,0.549380898475647,0.6336812973022461,0.5537234544754028,0.0566476844600239,1
29,2015,Marc Gasol,0.0499999999999999,0.6183449625968933,0.6700026392936707,0.5289084911346436,0.0,2
30,2015,Michael Carter-Williams,0.0426175966813968,0.5614976714232138,0.5958251800388097,0.5596601963043213,0.0252944222295036,16
31,2015,Mike Conley,0.0768518518518518,0.5840774575869242,0.5860644578933716,0.5392091274261475,0.0,1
32,2015,Mo Williams,0.0776196989738656,0.5824193540546628,0.613779105246067,0.5430877208709717,0.1505752065443121,6
33,2015,Nerlens Noel,0.0896694214876033,0.547248363494873,0.5087674856185913,0.537689208984375,0.0530344602813463,1
34,2015,Pau Gasol,0.0499999999999999,0.6170324087142944,0.7324173450469971,0.5069358944892883,0.0,2
35,2015,Paul Millsap,0.146767198500153,0.5794902662436168,0.5989483326673508,0.5401219725608826,0.0112138744313121,2
36,2015,Reggie Jackson,0.1363636363636363,0.6347734332084656,0.5966091156005859,0.5495352149009705,0.0,1
37,2015,Russell Westbrook,-0.0478535353535353,0.548418253660202,0.5325923562049866,0.523891270160675,0.0607892397770915,1
38,2015,Stephen Curry,0.1950733657557329,0.6037534508440229,0.5871283180183835,0.547547459602356,0.0719495921807919,6
39,2015,Thaddeus Young,0.0832569444444444,0.5702358881632487,0.6502574880917867,0.500182569026947,0.0553585950721703,1
40,2015,Tobias Harris,0.0767809946787219,0.5766043116648992,0.5781373788913091,0.5250470638275146,0.0246687217132136,4
41,2015,Wesley Matthews,0.0,0.574177086353302,0.7319611310958862,0.528592586517334,0.0,1
42,2015,Wilson Chandler,0.0114545454545454,0.5814232362641228,0.6390120254622565,0.5372741222381592,0.0060019198307166,3
0,2016,Al Horford,0.097836858041776,0.5609384814898173,0.596055555343628,0.5213263034820557,0.0023828054128285,1
1,2016,Al Jefferson,0.097836858041776,0.5835829496383667,0.5805403510729472,0.5337871313095093,0.0023828054128285,1
2,2016,Andre Drummond,0.0,0.6699779828389486,0.5502334038416544,0.5216372609138489,0.0,3
3,2016,Andrew Wiggins,-0.0166666666666666,0.6602304379145304,0.6841549475987753,0.5188799500465393,0.0,3
4,2016,Avery Bradley,0.104500283637217,0.5874892814592881,0.566856134720523,0.5213757157325745,0.0073847948314215,3
5,2016,Bradley Beal,0.097836858041776,0.5764038324356079,0.5714361468950907,0.5166140794754028,0.0023828054128285,1
6,2016,Brandon Knight,-0.0416666666666666,0.5700530608495077,0.6043989161650339,0.5162820219993591,0.0,6
7,2016,Carmelo Anthony,0.0,0.5147362351417542,0.6415192484855652,0.5346527695655823,0.0,1
8,2016,Chris Bosh,0.153660021936537,0.5989624634385109,0.5756860971450806,0.514496922492981,0.0,2
9,2016,Chris Paul,0.0490079365079365,0.6356396973133087,0.630800873041153,0.5116397142410278,0.2222726712655337,3
10,2016,Courtney Lee,0.1295482295482295,0.6361337542533875,0.6027740359306335,0.5170601010322571,0.0452585540900547,1
11,2016,DeAndre Jordan,0.2266975308641975,0.5687173839126314,0.5749508674655641,0.5136934518814087,0.0391887224435847,2
12,2016,DeMar DeRozan,0.3642857142857143,0.5540423840284348,0.6523037999868393,0.5247520208358765,0.0296589233297121,2
13,2016,DeMarcus Cousins,0.1363253749617386,0.5726304252942404,0.6091418067614237,0.5350242853164673,0.0066804982694448,1
14,2016,Derrick Rose,0.0772762184052506,0.6043069461981455,0.5712035199006399,0.5232516527175903,0.0059595425987862,1
15,2016,Dwyane Wade,0.1363253749617386,0.5801693697770437,0.5660237073898315,0.5185868144035339,0.0066804982694448,1
16,2016,Enes Freedom,0.0472337662337662,0.5660648312833574,0.6234058539072672,0.552668571472168,0.0018265283270432,6
17,2016,Eric Gordon,0.0285549371263657,0.5570643335580826,0.5440294712781906,0.516858696937561,0.0350446668998916,2
18,2016,Giannis Antetokounmpo,0.0,0.6253007054328918,0.6604782938957214,0.5070966482162476,0.0,1
19,2016,Gordon Hayward,0.0038243006993006,0.567322838306427,0.6324242949485779,0.5208618640899658,0.0195885648588286,2
20,2016,James Harden,0.0,0.6509692966938019,0.5724571943283081,0.5279043316841125,0.2127086227401336,2
21,2016,Jeff Green,0.0587991071428571,0.5743027985095978,0.564972561597824,0.5152175426483154,0.0386697867291572,10
22,2016,Jimmy Butler,0.0737869436697561,0.5880056230558289,0.5603920858767298,0.5214146971702576,0.0127861794132236,3
23,2016,Joe Johnson,0.2499999999999999,0.6056968569755554,0.6595337688922882,0.5163291096687317,0.2127086227401336,2
24,2016,John Wall,0.0990451388888889,0.5610172003507614,0.5703605115413666,0.5247490406036377,0.0,2
25,2016,Josh Smith,0.1676190476190475,0.577335442105929,0.5860757678747177,0.5186715722084045,0.0764128483935587,3
26,2016,José Calderón,0.1463555387014602,0.5715605147087421,0.5676700646232845,0.5212844610214233,0.0,8
27,2016,Kevin Durant,0.0689042518783898,0.6426728636026382,0.5624855905771255,0.5194597244262695,0.0086650968237798,2
28,2016,Kevin Love,0.25,0.6077135801315308,0.588626354932785,0.5167456269264221,0.3273297466649061,2
29,2016,Kevin Martin,-0.0071428571428571,0.5805877532277789,0.584414039339338,0.5106128454208374,0.0,7
30,2016,Klay Thompson,0.0,0.5571355819702148,0.5501807928085327,0.514960527420044,0.0,1
31,2016,Kobe Bryant,0.1407733488132094,0.578393987246922,0.5973963056291852,0.5182594656944275,0.3074900891804556,7
32,2016,Kyle Korver,0.1824507791740801,0.6435511178440518,0.5905532803800372,0.5150972008705139,0.0206294086853618,3
33,2016,Kyle Lowry,0.2717640692640692,0.5811117036888996,0.6086142684022585,0.5128966569900513,0.0216042199135055,4
34,2016,Kyrie Irving,0.0,0.6018510460853577,0.6509830355644226,0.5211114287376404,0.0,1
35,2016,LeBron James,0.0528505472701901,0.5529914365874397,0.5577942861451043,0.5205145478248596,0.693008734537515,3
36,2016,Luol Deng,0.1793481518481518,0.6366864510944911,0.5815963157585688,0.5146540403366089,0.4875699847302001,5
37,2016,Michael Carter-Williams,0.2496600978030731,0.5780662434931166,0.5755499312645225,0.5386821031570435,0.01662581237269,38
38,2016,Mike Conley,0.0,0.5507709980010986,0.7120446562767029,0.5141580700874329,0.0,1
39,2016,Mo Williams,0.0930995831666651,0.5648609371799411,0.5939836655602311,0.5274978876113892,0.0899673601778556,11
40,2016,Nikola Vučević,-0.0209876543209876,0.5526604056358337,0.5300490260124207,0.5051303505897522,0.0338826244366267,1
41,2016,Patrick Beverley,0.0,0.6685853600502014,0.5916189551353455,0.5118540525436401,0.0,3
42,2016,Pau Gasol,0.0,0.5436095595359802,0.5288676023483276,0.5237789154052734,0.0,1
43,2016,Rajon Rondo,0.1334866522366522,0.5554333527882894,0.5751571456591288,0.5257387757301331,0.0360517731888669,1
44,2016,Reggie Jackson,0.0681626874808693,0.5795253713925679,0.5611837059259415,0.5123924612998962,0.1394577170502914,2
45,2016,Rudy Gay,0.1505742913000977,0.5779956678549449,0.6868531902631123,0.5212841629981995,0.0073758480125911,2
46,2016,Stephen Curry,0.2324013694670768,0.5730708908467065,0.5848919746894685,0.519097089767456,0.1446179570484714,14
47,2016,Tobias Harris,-0.125,0.6808611154556274,0.5474796295166016,0.5146641135215759,0.0,1
48,2016,Vander Blue,0.1210305823209048,0.5647119681040447,0.6087836871544521,0.5413609147071838,0.0194708216054735,2
49,2016,Victor Oladipo,0.140812324929972,0.5778344968954722,0.5805824846029282,0.5247591137886047,0.0333253008777857,3
50,2016,Wesley Matthews,0.3513403811565576,0.5606162319580714,0.5823156555493673,0.5185427665710449,0.0069412522175235,2
0,2017,Andrew Wiggins,0.1135998662521629,0.5904630274999709,0.5836876980684421,0.6292762756347656,0.0250687687952256,9
1,2017,Anthony Davis,-0.2,0.6139578223228455,0.5419602394104004,0.6219444870948792,0.0,1
2,2017,Avery Bradley,0.0562766554433221,0.5830469396379259,0.5607329938146803,0.609778642654419,0.0,1
3,2017,Blake Griffin,0.278138327721661,0.5600509742895763,0.579341858625412,0.6261674165725708,0.001578532199629,2
4,2017,Bradley Beal,0.0562766554433221,0.5502849419911703,0.5657134254773458,0.6203228831291199,0.0,1
5,2017,Carmelo Anthony,0.1042619267037871,0.5397673845291138,0.6636523089625619,0.6505544185638428,0.0028930424496206,2
6,2017,Chris Paul,0.0634343434343434,0.6192357838153839,0.7035471498966217,0.6050068736076355,0.0298310165853366,3
7,2017,Courtney Lee,0.0552176235600148,0.5955447492500147,0.5564399361610413,0.603409469127655,0.0096451744581634,4
8,2017,DeAndre Jordan,0.0983735961845414,0.5850455794069502,0.638348319700786,0.6056491136550903,0.003811656221513,2
9,2017,Derrick Rose,0.123053613053613,0.5669738252957661,0.6484470367431641,0.6260275840759277,0.0106106718612614,2
10,2017,Devin Booker,0.0,0.5261799693107605,0.5046061873435974,0.6219554543495178,0.2569828877798966,1
11,2017,Dion Waiters,0.0964646464646464,0.5506170988082886,0.5684553980827332,0.6140668392181396,0.0339128521320761,1
12,2017,Draymond Green,0.0977372796112431,0.5946363644309776,0.5751845186980312,0.5767537951469421,0.0181014936645279,3
13,2017,Eric Gordon,0.0499999999999999,0.6192843914031982,0.8284520506858826,0.6198310256004333,0.0,1
14,2017,Gary Harris,0.0352380952380952,0.664075493812561,0.5701130509376526,0.6126839518547058,0.1340890797747693,5
15,2017,George Hill,0.0404882154882154,0.5634590056207446,0.6105151640044318,0.6028714179992676,0.1116501191143134,3
16,2017,Giannis Antetokounmpo,0.0,0.6687843799591064,0.7188336849212646,0.634962260723114,0.0,1
17,2017,Gordon Hayward,0.0,0.6606569290161133,0.7519683241844177,0.6193900108337402,0.0,1
18,2017,Gorgui Dieng,0.0,0.627209484577179,0.5076504349708557,0.5725382566452026,0.0,1
19,2017,Harrison Barnes,0.1310445921607109,0.5835077772537868,0.5858194470405579,0.6225186586380005,0.0181011940058013,3
20,2017,Isaiah Thomas,0.0643264143264143,0.5973367889722189,0.5656873981157938,0.6185659766197205,0.0202497728658763,1
21,2017,James Harden,0.1471074380165288,0.6138210197289784,0.5597007274627686,0.6377131342887878,0.0488913287549511,2
22,2017,Jeff Teague,0.0562766554433221,0.5603541135787964,0.5565018388960097,0.6035474538803101,0.0031570643992581,1
23,2017,Jimmy Butler,0.0599563849563849,0.6398591160774231,0.596383515993754,0.5795349478721619,0.0051295085625935,3
24,2017,John Wall,0.0395438616217836,0.5812084040084442,0.592505604415745,0.6002962589263916,0.0039672075380154,11
25,2017,Josh Richardson,0.1010671568290615,0.5700350742869907,0.5759585111671024,0.6393991708755493,0.006364811268212,5
26,2017,Karl-Anthony Towns,0.1270676691729323,0.5828629044386057,0.5765783213652097,0.6640822887420654,0.0,1
27,2017,Kevin Durant,0.1000558355409101,0.6227172726676578,0.5774940621285212,0.6569287776947021,0.0824010368094131,3
28,2017,Kevin Love,0.0350340136054421,0.5779054239392281,0.5376010909676552,0.5879965424537659,0.0064583714400356,4
29,2017,Klay Thompson,0.0702352684628804,0.5584051311016083,0.5804726779460907,0.612940788269043,0.0086172822311248,2
30,2017,Kyle Lowry,0.0820550148606953,0.5884450304287451,0.5730112768985607,0.6300653219223022,0.0070271677291626,3
31,2017,Kyrie Irving,0.4035686017962137,0.5562290123530796,0.6389688423701695,0.6369346976280212,0.137108726121073,2
32,2017,LeBron James,0.0469696969696969,0.639552523692449,0.6231072743733724,0.6385841965675354,0.515652403527333,3
33,2017,Marcus Morris,0.1856231471806184,0.5546676208575566,0.6135782384210163,0.594759464263916,0.0044871868473058,5
34,2017,Marcus Smart,0.1023240783476454,0.6063332157741456,0.5749010438816169,0.5900148153305054,0.010822315227946,11
35,2017,Marvin Williams,0.0211467444120505,0.597182941933473,0.5955486930906773,0.6267818212509155,0.0087225680459734,4
36,2017,Paul George,0.1,0.5557705760002136,0.518808901309967,0.6207422018051147,0.8156007813882803,1
37,2017,Paul Millsap,0.1233636363636363,0.5759917815526328,0.5949239134788513,0.6211535334587097,0.03018285794834,5
38,2017,Robert Covington,0.1248586393030838,0.597408307923211,0.54195636510849,0.580718457698822,0.0063069798645557,1
39,2017,Rudy Gay,0.0702352684628804,0.5606595064912523,0.5601096621581486,0.5957121253013611,0.00498735553629,2
40,2017,Russell Westbrook,0.1168000393156123,0.5897489860653877,0.5826230272650719,0.6057978868484497,0.1603591656253648,4
41,2017,Stephen Curry,0.1291500483721974,0.5854808576207943,0.624891393793323,0.6148076057434082,0.0844896405092545,9
42,2017,Thaddeus Young,0.072414787038495,0.6020339325736955,0.5823738351141735,0.5906133055686951,0.0077561742688405,4
43,2017,Tobias Harris,0.0608660130718954,0.645153671503067,0.6875784456729889,0.5845129489898682,0.0036602168643831,2
44,2017,Victor Oladipo,0.1085238534075743,0.5476854335178029,0.5744649822061713,0.6319658160209656,0.002591468330623,1
45,2017,Wesley Matthews,0.2,0.5170086622238159,0.7941296696662903,0.5964728593826294,0.0,1
46,2017,Wilson Chandler,0.2179601017701792,0.5797359128191013,0.6488301696199359,0.6217706799507141,0.0017886298596998,5
47,2017,Zach LaVine,0.0562766554433221,0.5853015515539381,0.6011362671852112,0.6169470548629761,0.0031570643992581,1
0,2018,Aaron Gordon,-0.430616286715077,0.5740263949741017,0.6167823022062129,0.5649458169937134,0.0100121747544809,2
1,2018,Aaron Jackson,0.0841886229394385,0.5859113837281863,0.5899231383370028,0.5513967275619507,0.058635694556729,12
2,2018,Al Horford,0.0180218332392245,0.5724335511525472,0.5730629430876838,0.5379937887191772,0.0059185852405411,3
3,2018,Andre Ingram,0.1650570329141757,0.568356990814209,0.6482758074998856,0.5434772372245789,0.0634209600076245,1
4,2018,Andrew Wiggins,0.1571420017144637,0.5510782338302544,0.5948622952205965,0.563652753829956,0.0376153265380784,6
5,2018,Anthony Davis,0.094476994389535,0.5563267302977575,0.5969394277055543,0.5521669387817383,0.0168433128043134,7
6,2018,Austin Rivers,0.0392162698412698,0.5381232857704162,0.5939355492591858,0.5463305711746216,0.0,2
7,2018,Ben Simmons,0.1227176082232937,0.5831245335665616,0.5704896774642912,0.5573300719261169,0.0319436317693524,7
8,2018,Bradley Beal,0.0766233766233766,0.6420173645019531,0.5605484992265701,0.5586413741111755,0.0132455095440638,1
9,2018,Brandon Ingram,0.1316349776766443,0.5905700210067961,0.5895296229256524,0.5460129976272583,0.0065416433072572,2
10,2018,CJ McCollum,0.0392162698412698,0.5527295887470245,0.6347398936748505,0.547986626625061,0.2413868809167259,2
11,2018,Carmelo Anthony,0.1170095249732346,0.5757547102191232,0.5735107346014543,0.571143627166748,0.0226724739771877,2
12,2018,Chris Paul,0.0,0.6903367638587952,0.6184954643249512,0.5610545873641968,0.5755074808812177,1
13,2018,Courtney Lee,0.0394345238095238,0.5614340305328369,0.6865033656358719,0.5545141696929932,0.0070669207674597,4
14,2018,DeAndre Jordan,-0.0786830690854054,0.5909198945218866,0.5999114497141405,0.5596351027488708,0.0094011928821305,4
15,2018,DeMar DeRozan,-0.2916666666666666,0.5255447924137115,0.5759671628475189,0.5584691166877747,0.1758092031478585,2
16,2018,Donovan Mitchell,-0.3333333333333333,0.5170211791992188,0.6375995874404907,0.5431044101715088,0.0,1
17,2018,Draymond Green,-0.087077524476718,0.5381603006160621,0.6009829604264462,0.5469801425933838,0.0066747831696539,3
18,2018,Dwight Howard,0.35,0.5572967529296875,0.7534380853176117,0.5464012622833252,0.0,2
19,2018,Eric Gordon,0.0210013804519852,0.5573392104018818,0.5547468012029475,0.5572302937507629,0.0050060873772404,4
20,2018,Evan Fournier,0.0375570148377862,0.5867788462589184,0.551253380253911,0.5596962571144104,0.026955074618449,4
21,2018,Gary Harris,-0.0617482363315696,0.5897572815418244,0.6171967029571532,0.5592435002326965,0.1546097806163391,9
22,2018,Giannis Antetokounmpo,0.2512855683600691,0.6037651781241098,0.5703367527325949,0.5998732447624207,0.1898587888072434,5
23,2018,Harrison Barnes,0.1073763277617444,0.573940554722434,0.5972847064336141,0.5433160662651062,0.0118622025657568,6
24,2018,Jamal Murray,0.0398390587906717,0.5729594022035599,0.5884979426860809,0.5593331456184387,0.0069891127629144,2
25,2018,James Harden,-0.0539858822293298,0.569322974302552,0.6462886729700998,0.5690752863883972,0.343585612435284,8
26,2018,Jaylen Brown,0.3305059523809523,0.6192670106887818,0.5955235282580058,0.5464525818824768,0.1321424312463808,5
27,2018,Jayson Tatum,0.2142857142857142,0.5607070624828339,0.6142755448818207,0.5498582720756531,0.0,2
28,2018,Jimmy Butler,-0.037077524476718,0.6039442727060029,0.6193070357496088,0.5370021462440491,0.0092238100176396,3
29,2018,Joe Ingles,0.1231967795462688,0.5596301625172297,0.5888148536284764,0.5572490692138672,0.031435850034632,6
30,2018,Joel Embiid,0.1582594376949215,0.5495931842110374,0.5874567808526935,0.5689921975135803,0.0140992100723247,5
31,2018,John Wall,0.0615412629698344,0.6038093715906143,0.628390234708786,0.5466800332069397,0.3572001167180812,5
32,2018,Josh Richardson,0.1200009366490847,0.575345333868807,0.5695510057608286,0.5636485815048218,0.0330530407041179,5
33,2018,Justin Holiday,-0.3333333333333333,0.7806000709533691,0.5382855534553528,0.5524938702583313,0.0,1
34,2018,Karl-Anthony Towns,0.1387674265698459,0.5590995712713762,0.5855455832047896,0.5652803778648376,0.0200243495089619,1
35,2018,Kevin Durant,0.1014543026426134,0.5648949915411496,0.6002121873275198,0.5910214185714722,0.037470487307764,6
36,2018,Khris Middleton,0.6000000000000001,0.5695806741714478,0.5025032758712769,0.5494095683097839,0.0,1
37,2018,Klay Thompson,0.1036017439315249,0.5645416676998138,0.5876336812973022,0.541975200176239,0.0223016210154249,2
38,2018,Kristaps Porziņģis,0.1,0.7636876106262207,0.5965672135353088,0.5943734049797058,0.231525110297773,1
39,2018,Kyle Lowry,0.0825734463644972,0.5867451793617673,0.5921374609073004,0.5505609512329102,0.0184304374999712,3
40,2018,Kyrie Irving,0.2299322940998494,0.6192707453512585,0.5773564251986417,0.5785022974014282,0.1941312651244207,9
41,2018,LeBron James,0.2318427405927405,0.5695481392053457,0.6002565966202662,0.5672037601470947,0.5166621307358635,13
42,2018,Lonzo Ball,0.0684296217439138,0.5819270605390722,0.6052776509262495,0.559042751789093,0.0118251689224566,6
43,2018,Lou Williams,0.1513939393939393,0.6628899663686753,0.5860529154539108,0.5649200081825256,0.1234079158164071,4
44,2018,Mike Conley,0.1542931609674729,0.5722284109696097,0.570317664872045,0.5547844767570496,0.0042889257800548,1
45,2018,Patrick Beverley,0.0,0.6424292922019958,0.5308140516281128,0.5509453415870667,0.0,1
46,2018,Paul Millsap,0.1085999831261927,0.5894454446705906,0.5897749982096933,0.5575350522994995,0.0160337323185029,2
47,2018,Robert Covington,0.0784325396825396,0.5535471200942993,0.578342604637146,0.5420286059379578,0.0080290667329743,1
48,2018,Russell Westbrook,0.1647547624866173,0.5924990664828907,0.5727552711963654,0.5446099638938904,0.1754959687491694,4
49,2018,Stephen Curry,-0.0972829533817437,0.5655587315559387,0.5655344399538906,0.5617283582687378,0.0140277569902435,2
50,2018,Taurean Prince,0.1187856896190229,0.5508893728256226,0.5969158808390299,0.545738697052002,0.0044399167193569,1
51,2018,Thaddeus Young,0.0022232574879042,0.5912782796158278,0.5984046033098678,0.5351906418800354,0.0057106065344992,11
52,2018,Tobias Harris,0.0721471291866028,0.5759063401344147,0.5664665555073456,0.5469201803207397,0.0089764148637138,8
53,2018,Tyreke Evans,0.075494071146245,0.5595560471216837,0.6081433693567911,0.5375093817710876,0.0,1
54,2018,Victor Oladipo,-0.1666666666666666,0.6574580073356628,0.6323187053203583,0.5571920871734619,0.0,2
55,2018,Wesley Matthews,-0.2,0.5006473660469055,0.7515725493431091,0.5441398024559021,0.0,1
56,2018,Will Barton,-0.0727936507936508,0.5757266349262662,0.549996554851532,0.5425513386726379,0.1990340195699045,3
0,2019,Aaron Gordon,0.1497067487186534,0.5836073156623613,0.5760077631899289,0.5719766020774841,0.0085873264038593,3
1,2019,Andrew Wiggins,0.1540294450000274,0.5874254867773164,0.5818438872017644,0.5793482661247253,0.0017514515283282,4
2,2019,Anthony Davis,0.2,0.5555876970291138,0.5453077912330627,0.5706198215484619,0.0,5
3,2019,Avery Bradley,0.2509171241130006,0.6003882090250651,0.5582878324720595,0.5730510354042053,0.0024909022966922,1
4,2019,Ben Simmons,0.0699012828338861,0.5929382150746011,0.5662660925728934,0.5735794305801392,0.0061360133930059,5
5,2019,Blake Griffin,0.0604284396467196,0.5721790919858942,0.5612232794364294,0.5738848447799683,0.0094263211914315,6
6,2019,Bojan Bogdanović,0.0959891118982028,0.6177242994308472,0.5181064009666443,0.5671919584274292,0.0,1
7,2019,Bradley Beal,0.421559589159,0.5420224505757528,0.5898084006612263,0.5686163902282715,0.0003558431852417,7
8,2019,Brandon Ingram,0.0753813387380692,0.5898324769167674,0.5680620498499092,0.5731400847434998,0.0217962707146902,7
9,2019,Buddy Hield,0.425,0.634406328201294,0.6917329430580139,0.5495845675468445,0.0,1
10,2019,Chris Paul,0.0131448412698412,0.5971541727582613,0.6305182402332624,0.5683756470680237,0.1917256766128775,6
11,2019,D'Angelo Russell,0.1053929401437818,0.5784185137519072,0.5943400552455997,0.5629209280014038,0.0070629690309644,3
12,2019,Damian Lillard,0.1622222222222222,0.6121454834938049,0.5094563066959381,0.5665938854217529,0.0174854730104119,1
13,2019,DeAndre Jordan,0.0820470254526931,0.5755123305888403,0.5705953062290237,0.5681151151657104,0.0141943349784075,4
14,2019,DeMar DeRozan,0.5,0.6528525948524475,0.5174233913421631,0.5718324780464172,0.3632612213218265,1
15,2019,Deandre Ayton,0.0886230870770208,0.5836840871780637,0.595990288636041,0.5645784139633179,0.0152850371601302,3
16,2019,Devin Booker,0.1106988936988936,0.5861697296301525,0.5740871044496696,0.5686777234077454,0.0106961172492131,2
17,2019,Donovan Mitchell,0.1337647953897954,0.5788385526385419,0.578188338252001,0.5722658634185791,0.1246711517734899,5
18,2019,Draymond Green,0.0908653884498532,0.6266040230263965,0.5833805878290538,0.546027660369873,0.0159527370820292,6
19,2019,Eric Gordon,-0.0518518518518518,0.5955342054367065,0.6295092602570852,0.5695967078208923,0.0425018285981764,6
20,2019,Evan Fournier,0.064727733686067,0.5848225772380828,0.5903714448213577,0.5782053470611572,0.0387584418435096,5
21,2019,Giannis Antetokounmpo,0.3972899917542775,0.6416881501674652,0.5551439225673676,0.5749064087867737,0.2710884922034696,5
22,2019,Harrison Barnes,0.0802764587842712,0.5679100101334708,0.5619081516492934,0.5658892393112183,0.0041852015721768,10
23,2019,Jamal Murray,0.0819285714285714,0.6015174190203348,0.6003530621528625,0.570792555809021,0.0186618699118412,1
24,2019,James Harden,0.1369825409555224,0.5825441739956537,0.6138578802347183,0.5737280249595642,0.1229243152791629,20
25,2019,Jayson Tatum,0.3395833333333333,0.5763196746508281,0.6524366041024525,0.5658835768699646,0.0910638934080055,2
26,2019,Jeff Teague,0.0,0.6033111214637756,0.5403392314910889,0.5667173266410828,0.0,1
27,2019,Jimmy Butler,0.2755839646464646,0.5571118452969719,0.6132287581761678,0.548695981502533,0.1220669629332996,3
28,2019,Joe Harris,0.0361111111111111,0.5939140319824219,0.61965411901474,0.5704507827758789,0.0994408073625192,2
29,2019,Joe Ingles,0.1830456208162483,0.5740701754887898,0.5809872818986574,0.5752533078193665,0.0086971122892073,5
30,2019,Joel Embiid,0.060710293457823,0.6092706673675113,0.6085119999117321,0.5651740431785583,0.0172364806925139,6
31,2019,John Wall,0.0361111111111111,0.6111084951294793,0.670934345987108,0.5567803978919983,0.2239074775725701,9
32,2019,Josh Richardson,0.1650197759670066,0.5759723382164734,0.567312306406522,0.5744149684906006,0.0097512661204366,5
33,2019,Julius Randle,0.1028217358772914,0.5939930166516986,0.5750328813280378,0.5661114454269409,0.0071999384835049,1
34,2019,Justin Holiday,0.1284000721500721,0.5736153796315193,0.5813026279211044,0.5748662948608398,0.0,2
35,2019,Karl-Anthony Towns,0.0936857707509881,0.5439031505584717,0.5825502777099609,0.5762391090393066,0.0608794767326061,5
36,2019,Kawhi Leonard,0.1086379234924345,0.5710909630764615,0.604718145321716,0.5694330334663391,0.0103384280661651,4
37,2019,Kemba Walker,0.1341540404040404,0.6045942604541779,0.5379571914672852,0.565798819065094,0.0207762339738765,1
38,2019,Kevin Durant,0.0399002275131037,0.5646271272252004,0.5976689913620552,0.5823974609375,0.0268579765430596,8
39,2019,Klay Thompson,0.028274277163166,0.6327728410561879,0.6371417979399363,0.5649042725563049,0.1260171576817991,3
40,2019,Kris Dunn,0.1837839031716583,0.5752066224813461,0.5377807766199112,0.5725987553596497,0.0057719638119789,1
41,2019,Kyle Kuzma,0.134257188284966,0.5616293315376555,0.5896324983664921,0.5736256241798401,0.0098490865087903,2
42,2019,Kyle Lowry,0.0802360083137685,0.5875742413032623,0.55779832025369,0.5779109597206116,0.0102282530529369,5
43,2019,Kyrie Irving,0.0962459877898685,0.585145508817264,0.5842386907055265,0.5746054649353027,0.0165697468824251,3
44,2019,Lauri Markkanen,0.0404761904761904,0.5544426441192627,0.633167564868927,0.5656357407569885,0.0309991212122243,1
45,2019,LeBron James,0.1598285392935471,0.6138161403251614,0.585688628847637,0.5733782052993774,0.1661430019463229,21
46,2019,Lonzo Ball,0.1482932854322149,0.5827578343934826,0.5672387705650852,0.564070999622345,0.0062962054783458,7
47,2019,Luka Dončić,0.3160556231208405,0.6096682298183441,0.5753208196163178,0.5822759866714478,0.0021167426546071,5
48,2019,Marc Gasol,0.1598724886224886,0.5647252542631966,0.585070082119533,0.5696225762367249,0.0071250051618629,1
49,2019,Mike Conley,0.1746475651598529,0.5772694672147433,0.5655343892673651,0.5735459327697754,0.0126471827187862,4
50,2019,Nikola Jokić,0.1656926406926407,0.6285630762577057,0.5560895204544067,0.5772830247879028,0.0124982345340758,1
51,2019,P.J. Tucker,0.1167726147614761,0.5623361989855766,0.5469038378861215,0.5753291249275208,0.0130522622498519,2
52,2019,Pascal Siakam,0.0,0.6504312753677368,0.7869369387626648,0.5663451552391052,0.0,1
53,2019,Paul George,0.1964887152777778,0.6129583239555358,0.584819233417511,0.5710606575012207,0.0238001994131665,1
54,2019,Reggie Bullock,0.1394692159692159,0.5898501127958298,0.5852035209536552,0.5574607849121094,0.006097036230811,1
55,2019,Robert Covington,0.1538012471738317,0.5785187587141991,0.5695664562284947,0.548783004283905,0.002449951851205,4
56,2019,Russell Westbrook,0.1676897699487661,0.5756703132311954,0.5912646105738751,0.5613666772842407,0.0229132082189771,8
57,2019,Stephen Curry,0.0701896419552669,0.5805136921505133,0.6101205619052052,0.5599515438079834,0.0932855827774259,16
58,2019,Steven Adams,0.2011904761904762,0.6779583096504211,0.6388868689537048,0.5761532187461853,0.0256553671379077,1
59,2019,T.J. Warren,0.0738878685848383,0.588790313764052,0.5679975748062134,0.5706372857093811,0.0072610295904889,1
60,2019,Thaddeus Young,0.0928133114885991,0.5775105709499784,0.5769457555479474,0.5419557094573975,0.0035633061229069,5
61,2019,Tim Hardaway Jr.,0.051762187088274,0.5924896121025085,0.5441939830780029,0.5842186212539673,0.0264483457596972,1
62,2019,Tobias Harris,0.105172458076028,0.5815569859261465,0.574822036455376,0.5581745505332947,0.0044299464881159,4
63,2019,Trae Young,0.1009085495838371,0.5648886354764302,0.5816118528114426,0.5635773539543152,0.0097631303653517,5
64,2019,Tyler Johnson,0.1165744563992562,0.5863390347212892,0.588059183073287,0.5799484252929688,0.0104107700233417,7
65,2019,Victor Oladipo,0.1475204635642135,0.5919061740239462,0.560847466190656,0.5720646381378174,0.008758640273475,2
66,2019,Wesley Matthews,0.0942545852508148,0.571912864069918,0.5778479732508525,0.5599194765090942,0.0052935112215259,8
67,2019,Zach LaVine,0.0404761904761904,0.5346641838550568,0.5608930885791779,0.5710382461547852,0.0466204827410838,1
0,2020,Aaron Gordon,-0.043684126984127,0.6344192832708359,0.5890743891398111,0.6358783841133118,0.1151581987655775,4
1,2020,Al Horford,0.1422011207970112,0.5696984939277172,0.5418220162391663,0.6372150778770447,0.0382651918869432,2
2,2020,Andre Drummond,0.0,0.5246527791023254,0.6700366735458374,0.633988618850708,0.6438330602954051,1
3,2020,Anthony Davis,0.1441300971344778,0.6026994163791338,0.6244636025457154,0.6354755163192749,0.1991077170064449,7
4,2020,Ben Simmons,0.0868774969772739,0.5671537576864163,0.5744538970291614,0.6338998079299927,0.0270191448779601,8
5,2020,Bradley Beal,-0.0499999999999999,0.6595826943715414,0.6382716496785482,0.6373712420463562,0.0,3
6,2020,Brandon Ingram,0.190929383116883,0.5844701329867046,0.6011374046405156,0.6347687840461731,0.0128221830678865,2
7,2020,Carmelo Anthony,0.09051347884188,0.5703419756006312,0.5813517330421342,0.6462137699127197,0.0182002703979053,9
8,2020,Chris Paul,-0.1,0.6151472926139832,0.6904020607471466,0.6415886878967285,0.3563543113700667,4
9,2020,Collin Sexton,0.1115655543287122,0.5886029601097107,0.5947262167930603,0.6204460263252258,0.0159108775063085,1
10,2020,D'Angelo Russell,0.1125372486893951,0.5791400466114281,0.5714939292520284,0.6397436857223511,0.0260047835401427,8
11,2020,Damian Lillard,0.1027496626180836,0.5724995682636898,0.5552655334273975,0.636589765548706,0.0321911839223137,2
12,2020,DeMar DeRozan,0.1805823153254661,0.5747948197218088,0.5808056317842923,0.6412888169288635,0.0060972297453601,1
13,2020,Deandre Ayton,-0.1368181818181818,0.6180387735366821,0.6637339293956757,0.6385882496833801,0.0574332051109244,1
14,2020,Devin Booker,0.0910714285714285,0.6285114735364914,0.6351541951298714,0.6318713426589966,0.0101393973932781,2
15,2020,Donovan Mitchell,0.1649402531458982,0.5947152897479042,0.5526401394889467,0.6401205062866211,0.0121825201064731,3
16,2020,Evan Fournier,0.1980246913580247,0.627243181069692,0.5598376790682474,0.6348843574523926,0.0511702261988847,3
17,2020,Fred VanVleet,0.0281208664021163,0.561755359172821,0.6184603869915009,0.6343129277229309,0.0300018034114738,1
18,2020,Gary Harris,0.0517737359012869,0.5904740229631081,0.586974100348277,0.6344693303108215,0.0226463778534111,13
19,2020,Giannis Antetokounmpo,0.1672973621180794,0.5914656749250842,0.5988831504010687,0.6395377516746521,0.1042791995726072,17
20,2020,Gordon Hayward,0.0774279071898119,0.5708881517251333,0.6119067056311501,0.6399678587913513,0.0147398855519612,3
21,2020,Harrison Barnes,0.1886633428300095,0.6037901292244593,0.6358727812767029,0.6402736306190491,0.006355576211219,3
22,2020,Ja Morant,0.0790294506121118,0.6092556193470955,0.6381693631410599,0.6405763626098633,0.1947226725993632,4
23,2020,Jamal Murray,0.0787486938349007,0.5986607745289803,0.5378412753343582,0.634809672832489,0.0153050514472286,2
24,2020,James Harden,0.1542395019656078,0.5786731909764441,0.5794451153940625,0.6344882249832153,0.1185456010981045,19
25,2020,Jaylen Brown,0.1668244949494949,0.5729985137780508,0.5680827895800272,0.6399714946746826,0.2912305779510272,4
26,2020,Jayson Tatum,0.4292942445286195,0.5973317656252118,0.5525374544991387,0.6401090025901794,0.1898508050222083,3
27,2020,Jimmy Butler,0.1539119673830261,0.5674482004510032,0.5676391570104493,0.6338940858840942,0.0098381700007576,3
28,2020,Joe Harris,0.1833596280262946,0.6047096763338361,0.552154575075422,0.635453999042511,0.2008712783773389,7
29,2020,John Collins,-0.0456060606060606,0.5992181599140167,0.5510145624478658,0.6388646960258484,0.4772780064782647,3
30,2020,Josh Richardson,0.0957502887518643,0.587392957437606,0.5706241038583574,0.632560133934021,0.0382650104530567,4
31,2020,Karl-Anthony Towns,0.0059729637646303,0.5919255183802711,0.6422023309601678,0.6274048089981079,0.3354386114004308,3
32,2020,Kawhi Leonard,0.1714293432388174,0.5875341607073505,0.619962915106789,0.6318982243537903,0.112130454182951,14
33,2020,Kemba Walker,0.1478548505892255,0.5981355541282231,0.5775978267192841,0.6390489935874939,0.0418575633995504,3
34,2020,Kevin Huerter,0.1556283116169021,0.5907863978119122,0.6021745233308701,0.638134777545929,0.0302428085139239,7
35,2020,Kevin Love,0.1656422648201168,0.6067108062130433,0.599914311140618,0.63255375623703,0.0256088950189536,9
36,2020,Kyle Lowry,0.1126952651818265,0.5665882493768419,0.5617868265935353,0.6294376254081726,0.0114246301738945,7
37,2020,Kyrie Irving,0.3190476190476191,0.5453304052352905,0.5436455607414246,0.6392946243286133,0.0413849716068728,1
38,2020,LaMarcus Aldridge,0.1019262941919192,0.6332511703173319,0.553669293721517,0.6416273713111877,0.0514121765367777,1
39,2020,LeBron James,0.2619161559923989,0.5914944160867621,0.5802785994829955,0.6362495422363281,0.3631754668171831,27
40,2020,Lonzo Ball,0.0612799928146268,0.5842204550624172,0.6164264982987395,0.637871265411377,0.0163534595792367,11
41,2020,Luka Dončić,0.0824840057457327,0.5750989757833026,0.5698377461660475,0.6427664756774902,0.0369376798002681,7
42,2020,Marcus Morris,0.0988168906119495,0.5916698785428715,0.6095151264491238,0.6401013135910034,0.0149201346534622,19
43,2020,Marcus Smart,0.0329605334795462,0.5788167138894399,0.5738396293587155,0.6350142359733582,0.0228469222873524,6
44,2020,Miles Bridges,-0.0109217171717171,0.5935494750738144,0.5936294943094254,0.6158397197723389,0.0,8
45,2020,Nikola Jokić,0.5198565323565324,0.5830750068028767,0.5399695138136547,0.6436681747436523,0.0063370585409925,2
46,2020,P.J. Washington,0.0507737109626378,0.5478480607271194,0.5594983084334267,0.6362147331237793,0.0279736133670721,3
47,2020,Pascal Siakam,0.1805823153254661,0.5854284121440008,0.5620482609822199,0.6401670575141907,0.0798858661964051,1
48,2020,Rudy Gobert,0.0226851851851851,0.6221600323915482,0.5484340190887451,0.6454137563705444,0.0265284045105501,1
49,2020,Russell Westbrook,0.3073180066078494,0.5709699124649719,0.5908559825685289,0.6390067934989929,0.0764140931734302,9
50,2020,Terry Rozier,0.1476655443322109,0.6212781220674515,0.5798562169075012,0.6408944129943848,0.0206651708571306,1
51,2020,Tobias Harris,0.2679884287498571,0.5375630590650771,0.6201526704761717,0.6360694169998169,0.0076926698232693,6
52,2020,Trae Young,0.1306513325808918,0.5856952427180259,0.5993463636390747,0.6361994743347168,0.0279053475626498,7
53,2020,Tristan Thompson,0.1027186639118457,0.5826831832528114,0.5818450711667538,0.6302930116653442,0.0425125312350388,2
54,2020,Will Barton,0.0305055765993265,0.5812741741538048,0.6560677587985992,0.6355403661727905,0.0434916564390943,4
55,2020,Zach LaVine,-0.3,0.5449956059455872,0.5425531268119812,0.6352019906044006,0.0,1
0,2021,Andrew Wiggins,0.1880667696601138,0.6003080868011429,0.5702618201147942,0.624697208404541,,5
1,2021,Anthony Davis,0.0484298876939999,0.5988218999571271,0.5896201059222221,0.6271916627883911,,12
2,2021,Anthony Edwards,-0.0353254914320384,0.582671694457531,0.6195394193960561,0.6236172914505005,,6
3,2021,Bam Adebayo,0.1203808112564796,0.5732969529926777,0.5902145020663738,0.6377277970314026,,4
4,2021,Ben Simmons,0.0976296965481279,0.5875788703672867,0.5720063553492826,0.6246301531791687,,19
5,2021,Blake Griffin,0.1634399736663936,0.5848673962884479,0.577243799412692,0.6253934502601624,,9
6,2021,Bojan Bogdanović,0.2072534556087187,0.5523757636547089,0.5756225163737934,0.6342073678970337,,2
7,2021,Bradley Beal,0.1829432537222305,0.5838769050659957,0.5895303813395676,0.6244285702705383,0.2653250800867346,9
8,2021,Brandon Ingram,0.1718404417552144,0.5777768049803045,0.5659712341924508,0.6219736933708191,0.0254395750810103,4
9,2021,Buddy Hield,0.1811452705348054,0.5760918125510216,0.5577511548995971,0.6086339950561523,,2
10,2021,CJ McCollum,0.1392849548112705,0.5752233167489369,0.6085194995005925,0.6271745562553406,,2
11,2021,Caris LeVert,0.1144991205695853,0.5668520397610135,0.5517902440494962,0.6160933375358582,,3
12,2021,Chris Paul,0.0340760546642899,0.6329334129889806,0.6492430716753006,0.6274290680885315,,4
13,2021,Christian Wood,0.0838836812347239,0.6187712692552143,0.6043050560686324,0.6206424236297607,,6
14,2021,Clint Capela,0.0905594405594405,0.5777312219142914,0.667026162147522,0.6219522953033447,,2
15,2021,Coby White,0.2315025252525251,0.6318834970394771,0.5500453660885494,0.6267309784889221,,2
16,2021,Collin Sexton,0.3662586912678824,0.593339099486669,0.5638483670022753,0.602493941783905,0.0279753577956888,6
17,2021,Damian Lillard,0.1911412659172347,0.5855148348844413,0.5787946681181589,0.6273689270019531,0.0972100656816227,11
18,2021,Darius Garland,0.3131016042780748,0.605236272017161,0.5592518846193949,0.6152573227882385,,1
19,2021,De'Aaron Fox,0.1304739902954188,0.5539425795986539,0.560069679504349,0.6204401850700378,0.1516815092350414,7
20,2021,DeMar DeRozan,0.1387835628393337,0.5567753851413727,0.6043246040741603,0.6311324238777161,,5
21,2021,Deandre Ayton,0.1466956368728219,0.5574761435389519,0.6106348181764285,0.6237430572509766,,4
22,2021,Dennis Schröder,0.131986052550635,0.5748279340620395,0.5770861057661199,0.6217254996299744,,9
23,2021,Devin Booker,0.1573376781248787,0.5884854852325386,0.5784397233691481,0.6213005781173706,0.2090694646864007,12
24,2021,Devonte' Graham,0.1238782051282051,0.5469088157018026,0.5318349401156107,0.6145673990249634,,1
25,2021,Domantas Sabonis,0.1614261464960477,0.5634957293669383,0.5647946804761886,0.6296550035476685,,4
26,2021,Donovan Mitchell,0.1597790110382257,0.5989563421291465,0.5760264637423497,0.6250934600830078,0.0221099267647005,17
27,2021,Draymond Green,0.1421474774936488,0.5755905401848611,0.5780426682744707,0.6275495886802673,,10
28,2021,Duncan Robinson,0.3116071428571428,0.6389399766921997,0.543439527352651,0.6268174052238464,,1
29,2021,Elijah Bryant,0.236899327748552,0.5736853243112564,0.5784416705369949,0.6237307786941528,,5
30,2021,Evan Fournier,0.1602405715105387,0.6008907039132384,0.583952377239863,0.6312013864517212,,4
31,2021,Gary Harris,0.1720790056504342,0.5930187292042233,0.5994291853337061,0.6289941072463989,,7
32,2021,Gary Trent Jr.,0.2337863881874298,0.5530088935047388,0.5763699654489756,0.5949874520301819,,8
33,2021,Giannis Antetokounmpo,0.1520425049339153,0.5862627530290234,0.5839307409140372,0.6317904591560364,0.0929364370944959,31
34,2021,Gordon Hayward,0.0957847707847707,0.6134476244449616,0.5657741509377956,0.6274356245994568,,4
35,2021,Harrison Barnes,0.1460144713743593,0.5746903068489498,0.5839991783403387,0.6220454573631287,,4
36,2021,Ja Morant,0.202517381080183,0.6107765336831411,0.5560449494255914,0.6277482509613037,,3
37,2021,Jamal Murray,0.201504136766591,0.6206904194421238,0.570827873216735,0.6259022355079651,,6
38,2021,James Harden,0.1464207887504041,0.5842844038972488,0.5837963178040635,0.6273145079612732,,78
39,2021,Jarrett Allen,0.1542101627364598,0.5639118667632814,0.6003719261173758,0.6246103048324585,,7
40,2021,Jaylen Brown,0.1697170899282703,0.5881009825993152,0.5728921391513376,0.6251516938209534,0.0311083644256503,16
41,2021,Jayson Tatum,0.1702603335773007,0.5756490642825762,0.5904846507642004,0.6222032308578491,0.0191137640632877,12
42,2021,Jerami Grant,0.1885687190827405,0.5859891825252109,0.5917188167572022,0.6273111701011658,,3
43,2021,Jimmy Butler,0.1349817263143476,0.5619060056904952,0.605986222003897,0.6150117516517639,,8
44,2021,Joe Harris,0.0661536495293179,0.5736209983175452,0.6155890816991978,0.627208411693573,,22
45,2021,Joel Embiid,0.1738648934777412,0.5660002384673465,0.5751155905651323,0.6316543817520142,0.1250198383641721,22
46,2021,John Wall,0.0,0.6230801641941071,0.5528257191181183,0.6245386004447937,,2
47,2021,Josh Richardson,0.1305304469280395,0.5758653985011198,0.5773598624876252,0.6216044425964355,,12
48,2021,Jrue Holiday,0.2025007805709559,0.5519490758577983,0.5901511781745487,0.6238818168640137,,3
49,2021,Julius Randle,0.1984299080560322,0.5736572977268334,0.5692408513842208,0.6208621263504028,0.1049660799749376,11
50,2021,Justin Holiday,0.0633740230602414,0.6170544042917234,0.6383252534571857,0.6250399947166443,,8
51,2021,Justin Jackson,0.0713476032621569,0.5929640068326678,0.5850883667809622,0.6243104338645935,,5
52,2021,Karl-Anthony Towns,0.1836367804389555,0.6093766781191031,0.5889745106299719,0.6097817420959473,,4
53,2021,Kawhi Leonard,0.183480196675879,0.5725096642971038,0.5872881377184832,0.6261640191078186,,18
54,2021,Kelly Oubre Jr.,-0.0051041666666666,0.5557047873735428,0.5326139032840729,0.5885355472564697,,1
55,2021,Kevin Durant,0.148372552883072,0.577404958827823,0.5868210073487432,0.6122466325759888,,34
56,2021,Kevin Huerter,0.2044758506451853,0.5812140233686992,0.5828504472062701,0.6330984234809875,,10
57,2021,Kevin Porter Jr.,0.1751335244841738,0.5640206469429864,0.569946269194285,0.5927712321281433,,1
58,2021,Khris Middleton,0.085961753624797,0.596468319495519,0.6224893861346774,0.6267786622047424,,3
59,2021,Khyri Thomas,0.1218196797183947,0.6155940975461688,0.5848443508148193,0.6338363885879517,,3
60,2021,Kristaps Porziņģis,0.2498815283079134,0.5583412786324818,0.555564374725024,0.6356549263000488,,4
61,2021,Kyle Lowry,0.1211565498115922,0.5731101571360515,0.5717688382026695,0.6208141446113586,,8
62,2021,Kyrie Irving,0.2240437910673463,0.5879472632010778,0.577539945046107,0.6293631196022034,0.0156910231775069,25
63,2021,LeBron James,0.1253871436427338,0.585052375992139,0.5985955586612866,0.6245584487915039,,31
64,2021,Lonzo Ball,0.1846112655233817,0.5795118789540395,0.5795431907782478,0.6295530200004578,,7
65,2021,Luka Dončić,0.1705017327530319,0.5820286971907461,0.5949115885201322,0.6387507915496826,0.2851784441327214,31
66,2021,Malcolm Brogdon,0.2016897117291917,0.5753954992691674,0.5725958722829818,0.6356759667396545,,5
67,2021,Malik Beasley,0.2596921596921596,0.5838965624570847,0.599451094865799,0.6297340393066406,,2
68,2021,Marcus Smart,0.1058067272025419,0.5833756585577988,0.569949023753337,0.6180733442306519,,7
69,2021,Michael Porter Jr.,0.1807291666666666,0.5621459126472473,0.5715347409248352,0.5927152037620544,,1
70,2021,Mikal Bridges,0.1996302154635487,0.5861854864491356,0.5618310736285316,0.6304331421852112,,3
71,2021,Myles Turner,0.1200617283950617,0.5582726796468099,0.640471617380778,0.6185966730117798,,1
72,2021,Nikola Jokić,0.1762443971628323,0.5752821139715336,0.5756852491586296,0.6354597806930542,0.0277168418975316,18
73,2021,Nikola Vučević,0.1746707766245581,0.5834992730191776,0.5829406653841336,0.6366379261016846,,14
74,2021,Norman Powell,0.1445550156652641,0.5882506430858658,0.5739018923469951,0.6231723427772522,,14
75,2021,OG Anunoby,0.2177685950413223,0.5426890552043915,0.5998784005641937,0.6366848349571228,,1
76,2021,P.J. Washington,0.1852180362585149,0.5613315920035045,0.5658264733850956,0.6092913746833801,,8
77,2021,Pascal Siakam,0.1462739683721407,0.5898332342505455,0.5906318103273709,0.6315427422523499,,5
78,2021,Paul George,0.1788793103448275,0.619778859615326,0.555804967880249,0.6232495903968811,,1
79,2021,RJ Barrett,0.1095641858141858,0.5652739835282167,0.5739496591190497,0.6310469508171082,,4
80,2021,Robert Covington,0.2503757518609004,0.5470245281855265,0.5381726423899332,0.6156878471374512,,1
81,2021,Rudy Gobert,0.1989040428805874,0.5762246350447338,0.5688974956671397,0.6260514855384827,,4
82,2021,Russell Westbrook,0.2053256110622182,0.5968444290615263,0.5627051552846318,0.6235223412513733,0.0242517834184296,14
83,2021,Shai Gilgeous-Alexander,0.1721740643615643,0.570555646965901,0.5712121744950612,0.6037195324897766,,4
84,2021,Stephen Curry,0.2601735431963177,0.5822452052185932,0.5874663817799753,0.6268447637557983,0.1242025268246073,24
85,2021,Terry Rozier,-0.0866086491028351,0.5657675250371298,0.5970979483922323,0.6147333979606628,0.0253791971468633,5
86,2021,Tobias Harris,0.176544268930398,0.5819662139647537,0.5762641395131747,0.63234543800354,,12
87,2021,Trae Young,0.2124882060426978,0.5865046293139458,0.5771314572228327,0.6270704865455627,0.0283749353124806,10
88,2021,Tyler Herro,0.1393137944875707,0.5851428922088374,0.5801506185578921,0.6290643811225891,,4
89,2021,Tyrese Haliburton,0.2022058823529411,0.5562212467193604,0.5482044219970703,0.6210810542106628,,1
90,2021,Victor Oladipo,0.1731526070273599,0.564733231564363,0.5801055323332548,0.6347295641899109,,8
91,2021,Will Barton,0.0892857142857143,0.5414581522345543,0.6573998779058456,0.6147079467773438,,4
92,2021,Zach LaVine,0.1663242478218279,0.5843267385054518,0.5822856196650752,0.6233437657356262,0.0260502073231097,9
93,2021,Zion Williamson,0.0783064654652524,0.5751126788201787,0.573892376252583,0.6198460459709167,0.105497313778807,14
0,2022,Aaron Gordon,0.1609047440748216,0.5765148620006949,0.5787329608968271,0.6479750871658325,0.043888279894634,32
1,2022,Andrew Wiggins,0.0754614900824118,0.5861360896999637,0.5822757704183459,0.6645632386207581,0.0173888462543044,16
2,2022,Anthony Davis,0.100894641584129,0.5642960119578573,0.5678821570343442,0.6598507165908813,0.0311067977356177,15
3,2022,Anthony Edwards,0.0515182427386318,0.5871687458057108,0.5815478607957616,0.6572766304016113,0.0955072337825782,13
4,2022,Bam Adebayo,0.1534274728423664,0.5763538537422817,0.5795079180598259,0.6543474197387695,0.0332976543393851,5
5,2022,Bojan Bogdanović,0.2005140370843307,0.5773795963752837,0.5812678400959287,0.652100145816803,0.0167545919994096,7
6,2022,Bradley Beal,0.2391555685826518,0.5842462331056595,0.6082524442010455,0.658525824546814,0.0226602914478185,3
7,2022,Brandon Ingram,0.1675517640766467,0.5743310238633837,0.5636247937818841,0.6674367189407349,0.0721487188377533,12
8,2022,Buddy Hield,0.131239478114478,0.5852672557036082,0.5695013089312447,0.6906170845031738,0.0189332970382383,3
9,2022,CJ McCollum,0.2184959969367863,0.5777805805206299,0.5988981078068416,0.6602594256401062,0.0259866878723076,10
10,2022,Cade Cunningham,0.1973930481283421,0.6248776197433472,0.6090906381607055,0.677410364151001,0.0093523396753557,1
11,2022,Caris LeVert,0.1744931758056758,0.5773530185222626,0.5917913707594076,0.6932597756385803,0.0184919808370577,4
12,2022,Chris Paul,0.0390817515817515,0.5954993000397315,0.60287166482363,0.6582393646240234,0.159466417838909,13
13,2022,Christian Wood,0.0872276686298938,0.5910242579541559,0.5995383759149923,0.695910632610321,0.0118936919490057,17
14,2022,Cole Anthony,0.1203135651862571,0.5862664608561357,0.5904266034187724,0.6626936197280884,0.0346198808224624,17
15,2022,D'Angelo Russell,0.1778814908029632,0.5783479402462641,0.5829108446836472,0.6497820019721985,0.0195561136626531,5
16,2022,Damian Lillard,0.1525771103896103,0.5732565857470036,0.5974695372084776,0.667445957660675,0.0365415954063364,4
17,2022,Darius Garland,0.1836391861703047,0.6035403961936634,0.591209584971269,0.6754673719406128,0.0639129612575897,6
18,2022,De'Aaron Fox,0.1605324074074074,0.6108017514149349,0.5574884613355,0.6557767987251282,0.0418364994950319,2
19,2022,DeMar DeRozan,0.1706413642378031,0.5873092247524122,0.5909907669260882,0.6483567357063293,0.0333853665128641,23
20,2022,Dejounte Murray,0.1957882280437427,0.5809749611963828,0.5833419535309077,0.6789975762367249,0.0193749655403442,8
21,2022,Derrick Walton,0.1163757966878299,0.5719389014872195,0.6197899726248848,0.6526985168457031,0.1261525293050843,7
22,2022,Derrick White,0.0955504199141904,0.5784264911709783,0.5843651497633542,0.6568155884742737,0.0646739622314326,18
23,2022,Devin Booker,0.1525707115193782,0.5705184179668624,0.570462201690922,0.6629992127418518,0.0278191468295856,32
24,2022,Domantas Sabonis,0.2210336538461537,0.5742189163963001,0.5707592194279035,0.6425268054008484,0.025067444473364,4
25,2022,Donovan Mitchell,0.1303732749554171,0.576216014722983,0.5707470613773222,0.6604006886482239,0.029709767499857,18
26,2022,Dorian Finney-Smith,0.1769230769230769,0.5935041705767313,0.6535835663477579,0.6518751382827759,0.0464013618250436,1
27,2022,Evan Mobley,0.127400341016401,0.5945056491867214,0.6040383589511015,0.6720870733261108,0.0109777836849287,7
28,2022,Franz Wagner,0.1217343304843304,0.6218056182066599,0.5947790377669864,0.6659164428710938,0.0209264908680218,3
29,2022,Fred VanVleet,0.1673982112607888,0.5838548881667001,0.5909920561881291,0.6400853395462036,0.0304707077209215,7
30,2022,Gary Trent Jr.,0.2049164642061175,0.602699240332558,0.5690045439061665,0.6384932994842529,0.0384947186365229,7
31,2022,Giannis Antetokounmpo,0.1606786516864024,0.5818710648882314,0.5819104183020081,0.6394243240356445,0.0784817277427961,53
32,2022,Gordon Hayward,0.2342961961834332,0.5796392030186124,0.5858581278059217,0.6548194885253906,0.0294491544330362,3
33,2022,Harrison Barnes,0.1706549672630752,0.5908187719249222,0.5985499630687099,0.6646655201911926,0.018437162406942,9
34,2022,Ja Morant,0.2362964200647153,0.5886046348015468,0.5873919263813231,0.6552149057388306,0.086608501846606,30
35,2022,Jalen Brunson,0.1315507586120768,0.5688328366667504,0.5790132796953594,0.6566461324691772,0.0198562306149242,7
36,2022,Jalen Green,0.1713218717370622,0.5777509614769155,0.5888155437163123,0.6726215481758118,0.0412922205366001,23
37,2022,James Harden,0.1457697113651382,0.5806049097621557,0.583429558421759,0.6704015135765076,0.0930991512749399,68
38,2022,Jarrett Allen,0.1384741228077138,0.5890007537911938,0.5814739644703039,0.6522888541221619,0.0446313634222632,12
39,2022,Jaylen Brown,0.1374137791930351,0.5780806125846076,0.5784549681719764,0.6659326553344727,0.0278593974182666,14
40,2022,Jaylen Hoard,0.0780103668261563,0.5636850595474243,0.5536392132441202,0.6666272282600403,0.0357981746073038,1
41,2022,Jayson Tatum,0.1539640374173842,0.5776318129565982,0.5695137262344361,0.6560621857643127,0.0374630324797741,15
42,2022,Jerami Grant,0.2448133116883116,0.6070063635706902,0.5615305031339327,0.6636868715286255,0.0163134563686826,3
43,2022,Jimmy Butler,0.1710147012647197,0.5743497222967681,0.5939777833522321,0.684836745262146,0.025997736384346,23
44,2022,Joe Harris,0.1179221451460696,0.5743844365193085,0.5886991965085869,0.6610024571418762,0.0904195623576074,16
45,2022,Joel Embiid,0.1996576886869101,0.5794211538151058,0.5786617307048855,0.6481192111968994,0.0429775020902129,33
46,2022,John Collins,0.0,0.5787655115127563,0.5147625207901001,0.6618726253509521,0.5038638531307786,1
47,2022,Jordan Poole,0.1214083280871088,0.5748637208887807,0.5770925369403117,0.6601129770278931,0.0660573774316243,19
48,2022,Josh Giddey,0.1422078985656496,0.584833901456948,0.5782958349098406,0.6612091660499573,0.0480985547295996,11
49,2022,Josh Hart,0.1496353047122749,0.579970349530804,0.5799285017817204,0.6635535359382629,0.0418583884039564,34
50,2022,Jrue Holiday,0.1483422957927759,0.5693588696774983,0.5548803827592305,0.6974579095840454,0.033165908970166,14
51,2022,Julius Randle,0.1472555345949614,0.5695118447144826,0.5871423870325088,0.6502288579940796,0.0323846971164196,5
52,2022,Karl-Anthony Towns,0.1388028529695771,0.5719351922020768,0.5685020671649412,0.644481360912323,0.0888226697913858,11
53,2022,Keldon Johnson,0.2005415005584496,0.5936340623431735,0.5638540271255704,0.6630321145057678,0.0096884614808172,3
54,2022,Kentavious Caldwell-Pope,0.1889914772727272,0.5319556792577108,0.6267773707707723,0.6380038261413574,0.0164718545223184,1
55,2022,Kevin Durant,0.1542803999689962,0.5804513919795001,0.5846463248354419,0.6553655862808228,0.0514552488304283,45
56,2022,Kevin Porter Jr.,0.1545981877599524,0.530731909804874,0.5956135590871176,0.6314601302146912,0.0322055948114494,3
57,2022,Khris Middleton,0.1923894245309525,0.5826604040684523,0.5766265883489892,0.6549298167228699,0.0369138439659944,18
58,2022,Kyle Kuzma,0.1508050770006306,0.5754431067045891,0.5909223007433342,0.65871262550354,0.0148018342816729,10
59,2022,Kyle Lowry,0.1231391045606531,0.5733358212229691,0.5779442775752637,0.6734214425086975,0.0222433649325872,13
60,2022,Kyrie Irving,0.1523265491394109,0.5801273296276729,0.6134229482748569,0.6623864769935608,0.0607318306012688,26
61,2022,LaMelo Ball,0.1531884422514358,0.5873954691143816,0.5843161326815831,0.6417779326438904,0.0203254564053835,23
62,2022,Lauri Markkanen,0.0719696969696969,0.655868262052536,0.5891197919845581,0.6593359112739563,0.0227116114952837,1
63,2022,LeBron James,0.1555768224759197,0.5641703566257982,0.5913963912204764,0.6685824394226074,0.1087358949306539,29
64,2022,Lonzo Ball,0.1615770151550518,0.5871132286556312,0.5770146437117246,0.6691434979438782,0.0219420171481664,20
65,2022,Luguentz Dort,0.2385114586727489,0.5885705381631852,0.5897201418876648,0.6398253440856934,0.0179315644209976,2
66,2022,Luka Dončić,0.1717713815895868,0.5864787109926635,0.5927153066677205,0.6572052836418152,0.0275100225476324,17
67,2022,Malcolm Brogdon,0.1326401267577738,0.5718948145707448,0.5960253675778706,0.6654912233352661,0.0167647543018508,2
68,2022,Marcus Smart,0.1046493569570116,0.5884734143143294,0.5749488357750197,0.6863147020339966,0.0303086237791922,12
69,2022,Mikal Bridges,0.1632752096388459,0.5868912955125173,0.6099170347054799,0.6639429330825806,0.0450779800932907,5
70,2022,Miles Bridges,0.109090909090909,0.5533809661865234,0.6591816544532776,0.717831552028656,0.0,4
71,2022,Nikola Jokić,0.1643087453482244,0.5807378349430633,0.5920487503210704,0.6547884345054626,0.0131026690512828,22
72,2022,Nikola Vučević,0.1889444241834463,0.5749852977417134,0.5795373243314249,0.6704568266868591,0.0178207431179555,9
73,2022,Norman Powell,0.1433764906282347,0.6010466029956227,0.5883357879661378,0.6628504395484924,0.0128109055907237,4
74,2022,OG Anunoby,0.151046176046176,0.574423186480999,0.5524418205022812,0.6376002430915833,0.0500389517615705,2
75,2022,Pascal Siakam,0.192659482017698,0.5802964096268017,0.5866510516405106,0.6318355798721313,0.0270083775713082,10
76,2022,Paul George,0.2140112433862433,0.6058511667781405,0.5510330067740546,0.6541489958763123,0.4929125309124431,3
77,2022,RJ Barrett,0.2167396072961064,0.5812612682580948,0.5862920398513476,0.6672512292861938,0.0508917367832924,10
78,2022,Reggie Jackson,0.1400854262696368,0.6030297506423224,0.5656954191979907,0.670780599117279,0.3545891974551373,7
79,2022,Royce O'Neale,0.146480151054619,0.6033874303102493,0.6116602271795273,0.6465652585029602,0.0054534011521927,1
80,2022,Rudy Gobert,0.1553979118672101,0.57926677664121,0.5758238484462102,0.6406392455101013,0.0561946574208198,6
81,2022,Russell Westbrook,0.1319314132096345,0.5714183946621829,0.5836930767558087,0.6751436591148376,0.0316541075704828,29
82,2022,Saddiq Bey,0.2611082491582491,0.5836275319258372,0.5517842074235281,0.6604560613632202,0.0354375639666496,2
83,2022,Scottie Barnes,0.2635475635475635,0.5621497134367626,0.5534813702106476,0.6638423204421997,0.0482273539759836,2
84,2022,Seth Curry,0.1426590898718655,0.5708894347772002,0.5797011565417051,0.6699316501617432,0.0461156909570364,16
85,2022,Shai Gilgeous-Alexander,0.1663409283942178,0.5717077066500982,0.5743732755382855,0.637172520160675,0.0274806370600717,10
86,2022,Spencer Dinwiddie,0.1092808468084202,0.5700018157561619,0.6021470278501511,0.6564249396324158,0.0932452041877901,5
87,2022,Stephen Curry,0.1636572808139766,0.5874290109190168,0.5792885336356285,0.6624224781990051,0.1110071117303263,39
88,2022,Terry Rozier,0.1933779761904761,0.6107253829638164,0.5770389636357625,0.667574405670166,0.0243120071471777,2
89,2022,Tobias Harris,0.1620266307766307,0.5641827072416034,0.566452804065886,0.661996603012085,0.0203241393853419,7
90,2022,Trae Young,0.1583708309698343,0.5865737253996444,0.5833748245894205,0.680163562297821,0.0215575010447433,27
91,2022,Tyler Herro,0.1380509690706537,0.5757493914702,0.5741611564770722,0.6629957556724548,0.029283726614741,13
92,2022,Tyrese Haliburton,0.1704440235690235,0.5748122334480286,0.5859023481607437,0.6618572473526001,0.0244352992278301,4
93,2022,Tyrese Maxey,0.2022115688131313,0.5786425458888212,0.5643501281738281,0.6585765480995178,0.0196057855490407,4
94,2022,Will Barton,0.1236309144072301,0.569180453032778,0.5994093324008741,0.6813639402389526,0.2809330647028431,19
95,2022,Zach LaVine,0.2168266693882787,0.5836905982249823,0.5753194420001445,0.6689670085906982,0.0312113090162628,13
