,season,slug,name,team,age,%games_played,minutes_played,points,assists,attempted_field_goals,attempted_free_throws,attempted_three_point_field_goals,blocks,defensive_rebounds,games_started,made_field_goals,made_free_throws,made_three_point_field_goals,offensive_rebounds,personal_fouls,steals,turnovers,field_goal%,free_throw%,3pt,assist_percentage,block_percentage,box_plus_minus,defensive_box_plus_minus,defensive_rebound_percentage,free_throw_attempt_rate,offensive_box_plus_minus,offensive_rebound_percentage,player_efficiency_rating,steal_percentage,three_point_attempt_rate,total_rebound_percentage,true_shooting_percentage,turnover_percentage,usage_percentage,value_over_replacement_player,win_shares_per_48_minutes
1216,2023,adebaba01,Bam Adebayo,MIAMI HEAT,25,0.918918918918919,35.13235294117647,21.058823529411764,3.2794117647058822,15.25,5.588235294117647,0.17647058823529413,0.8676470588235294,6.926470588235294,1.0,8.279411764705882,4.485294117647059,0.014705882352941176,2.426470588235294,2.8676470588235294,1.1911764705882353,2.588235294117647,0.5429122468659595,0.8026315789473685,0.08333333333333333,16.4,2.5,1.8,0.9,23.9,0.366,0.9,7.8,20.4,1.7,0.012,15.5,0.595,12.8,25.5,2.3,0.142
1217,2023,allenja01,Jarrett Allen,CLEVELAND CAVALIERS,24,0.8378378378378378,33.03225806451613,14.35483870967742,1.6774193548387097,9.225806451612904,3.2580645161290325,0.14516129032258066,1.2096774193548387,6.693548387096774,1.0,5.983870967741935,2.370967741935484,0.016129032258064516,3.1129032258064515,2.2419354838709675,0.8225806451612904,1.403225806451613,0.6486013986013985,0.7277227722772277,0.1111111111111111,7.5,3.4,2.3,1.1,23.9,0.353,1.3,11.1,19.8,1.3,0.016,17.5,0.673,11.6,16.3,2.2,0.204
1218,2023,antetgi01,Giannis Antetokounmpo,MILWAUKEE BUCKS,28,0.7777777777777778,32.5,31.25,5.571428571428571,20.392857142857142,12.625,2.7857142857142856,0.8035714285714286,9.607142857142858,1.0,11.125,8.196428571428571,0.8035714285714286,2.25,3.1964285714285716,0.7321428571428571,3.9107142857142856,0.5455341506129597,0.6492220650636492,0.2884615384615385,32.3,2.0,8.2,2.6,29.5,0.619,5.6,7.5,28.6,1.1,0.137,18.9,0.602,13.1,38.7,4.7,0.204
1219,2023,anunoog01,OG Anunoby,TORONTO RAPTORS,25,0.7945205479452054,35.724137931034484,16.775862068965516,1.896551724137931,13.10344827586207,2.7413793103448274,5.258620689655173,0.7241379310344828,3.6551724137931036,1.0,6.224137931034483,2.293103448275862,2.0344827586206895,1.4137931034482758,3.0344827586206895,1.9655172413793103,2.1551724137931036,0.47500000000000003,0.8364779874213837,0.3868852459016393,7.7,2.0,0.1,0.7,12.5,0.209,-0.6,4.2,14.4,2.7,0.401,8.0,0.586,13.1,19.6,1.1,0.085
1220,2023,aytonde01,Deandre Ayton,PHOENIX SUNS,24,0.8472222222222222,30.442622950819672,18.311475409836067,1.819672131147541,13.557377049180328,2.9672131147540983,0.39344262295081966,0.7704918032786885,7.508196721311475,1.0,7.983606557377049,2.2295081967213113,0.11475409836065574,2.639344262295082,2.8360655737704916,0.5573770491803278,1.819672131147541,0.5888754534461911,0.7513812154696132,0.2916666666666667,9.8,2.3,1.1,-0.1,28.0,0.219,1.2,9.5,20.3,0.9,0.029,18.5,0.616,10.9,23.4,1.5,0.15
1221,2023,ballla01,LaMelo Ball,CHARLOTTE HORNETS,21,0.4931506849315068,35.22222222222222,23.27777777777778,8.444444444444445,20.02777777777778,3.388888888888889,10.63888888888889,0.3055555555555556,5.25,1.0,8.222222222222221,2.8333333333333335,4.0,1.1666666666666667,3.2777777777777777,1.2777777777777777,3.5833333333333335,0.41054091539528426,0.8360655737704918,0.37597911227154046,38.5,0.8,2.3,-0.9,16.3,0.169,3.2,3.4,18.0,1.7,0.531,9.7,0.541,14.3,29.9,1.4,0.07
1222,2023,banchpa01,Paolo Banchero,ORLANDO MAGIC,20,0.8904109589041096,33.84615384615385,19.984615384615385,3.6153846153846154,15.738461538461538,7.4,4.030769230769231,0.5076923076923077,5.507692307692308,1.0,6.676923076923077,5.492307692307692,1.1384615384615384,1.123076923076923,2.246153846153846,0.8615384615384616,2.7384615384615385,0.42424242424242425,0.7422037422037422,0.282442748091603,16.6,1.4,-1.8,-0.9,18.6,0.47,-0.9,3.7,14.7,1.2,0.256,11.1,0.526,12.6,27.6,0.1,0.041
1223,2023,banede01,Desmond Bane,MEMPHIS GRIZZLIES,24,0.6805555555555556,31.306122448979593,21.081632653061224,4.224489795918367,16.142857142857142,3.5510204081632653,6.959183673469388,0.3877551020408163,4.387755102040816,1.0,7.571428571428571,3.142857142857143,2.795918367346939,0.7142857142857143,2.489795918367347,0.9387755102040817,2.204081632653061,0.4690265486725664,0.8850574712643678,0.4017595307917889,20.5,1.1,3.2,0.2,14.8,0.22,3.0,2.4,18.7,1.4,0.431,8.6,0.595,11.1,26.3,2.0,0.145
1224,2023,barneha02,Harrison Barnes,SACRAMENTO KINGS,30,0.9861111111111112,32.816901408450704,14.985915492957746,1.591549295774648,9.661971830985916,5.0,4.422535211267606,0.14084507042253522,3.704225352112676,1.0,4.549295774647887,4.23943661971831,1.647887323943662,0.971830985915493,1.3380281690140845,0.676056338028169,1.0845070422535212,0.47084548104956264,0.847887323943662,0.37261146496815284,6.4,0.4,-1.0,-1.5,12.8,0.517,0.4,3.4,13.9,1.0,0.458,8.2,0.632,8.4,16.9,0.6,0.114
1225,2023,barnesc01,Scottie Barnes,TORONTO RAPTORS,21,0.9452054794520548,34.91304347826087,15.492753623188406,4.72463768115942,13.27536231884058,3.3333333333333335,2.971014492753623,0.8115942028985508,4.463768115942029,0.9855072463768116,6.0144927536231885,2.579710144927536,0.8840579710144928,2.391304347826087,2.2318840579710146,0.9855072463768116,2.028985507246377,0.45305676855895194,0.7739130434782608,0.29756097560975614,19.6,2.2,0.3,-0.3,15.7,0.251,0.6,7.2,15.5,1.4,0.224,11.1,0.525,12.1,20.5,1.4,0.087
1226,2023,barrerj01,RJ Barrett,NEW YORK KNICKS,22,0.8918918918918919,34.0,19.757575757575758,2.696969696969697,16.181818181818183,5.333333333333333,5.348484848484849,0.19696969696969696,4.257575757575758,1.0,7.045454545454546,3.9696969696969697,1.696969696969697,0.8333333333333334,2.484848484848485,0.4393939393939394,2.212121212121212,0.4353932584269663,0.7443181818181819,0.31728045325779036,12.3,0.5,-2.8,-1.8,13.6,0.33,-1.0,2.7,13.2,0.6,0.331,8.2,0.533,10.7,26.2,-0.4,0.05
1227,2023,bealbr01,Bradley Beal,WASHINGTON WIZARDS,29,0.6712328767123288,33.48979591836735,23.346938775510203,5.387755102040816,17.612244897959183,4.448979591836735,4.387755102040816,0.673469387755102,3.1020408163265305,1.0,8.979591836734693,3.7551020408163267,1.6326530612244898,0.7959183673469388,2.061224489795918,0.9183673469387755,2.9183673469387754,0.5098493626882966,0.8440366972477065,0.372093023255814,26.8,1.7,2.0,-1.1,9.9,0.253,3.1,2.8,20.1,1.3,0.249,6.5,0.597,13.0,29.3,1.7,0.105
1228,2023,bogdabo02,Bojan Bogdanović,DETROIT PISTONS,33,0.8082191780821918,32.08474576271186,21.576271186440678,2.5762711864406778,14.94915254237288,5.135593220338983,5.983050847457627,0.13559322033898305,3.169491525423729,1.0,7.288135593220339,4.5423728813559325,2.457627118644068,0.6101694915254238,1.9152542372881356,0.576271186440678,2.288135593220339,0.4875283446712019,0.8844884488448846,0.4107648725212465,13.5,0.4,0.8,-1.8,11.3,0.344,2.6,2.0,17.5,0.9,0.4,6.5,0.627,11.7,25.8,1.4,0.093
1229,2023,bookede01,Devin Booker,PHOENIX SUNS,26,0.6111111111111112,34.5,28.022727272727273,5.4772727272727275,20.75,6.159090909090909,6.113636363636363,0.36363636363636365,3.6136363636363638,1.0,10.295454545454545,5.181818181818182,2.25,0.8863636363636364,2.977272727272727,0.9090909090909091,2.5454545454545454,0.49616648411829134,0.8413284132841328,0.3680297397769517,27.8,1.0,4.4,-0.4,11.9,0.297,4.8,2.8,22.3,1.3,0.295,7.3,0.597,9.8,32.1,2.5,0.158
1230,2023,brookdi01,Dillon Brooks,MEMPHIS GRIZZLIES,27,0.9027777777777778,30.476923076923075,14.23076923076923,2.5692307692307694,13.661538461538461,2.076923076923077,5.892307692307693,0.2,2.6615384615384614,1.0,5.338461538461538,1.646153846153846,1.9076923076923078,0.6307692307692307,3.2615384615384615,0.8769230769230769,1.4153846153846155,0.39076576576576577,0.7925925925925925,0.3237597911227154,11.6,0.6,-4.0,-0.5,9.2,0.152,-3.6,2.2,9.2,1.4,0.431,5.7,0.488,8.9,21.7,-1.0,0.033
1231,2023,brownja02,Jaylen Brown,BOSTON CELTICS,26,0.821917808219178,36.166666666666664,26.733333333333334,3.3833333333333333,20.466666666666665,5.4,7.35,0.43333333333333335,5.65,1.0,10.033333333333333,4.166666666666667,2.5,1.2333333333333334,2.683333333333333,1.1833333333333333,2.933333333333333,0.490228013029316,0.7716049382716049,0.3401360544217687,16.1,1.0,1.5,-0.3,16.9,0.264,1.7,3.8,19.4,1.6,0.359,10.4,0.585,11.4,31.2,1.9,0.104
1232,2023,brunsja01,Jalen Brunson,NEW YORK KNICKS,26,0.8648648648648649,34.90625,23.765625,6.171875,17.4375,5.828125,4.65625,0.234375,2.953125,1.0,8.484375,4.875,1.921875,0.578125,2.25,0.890625,1.984375,0.48655913978494625,0.8364611260053619,0.412751677852349,28.9,0.6,3.9,-0.5,9.2,0.334,4.3,1.8,21.3,1.3,0.267,5.5,0.594,9.0,27.0,3.3,0.18
1233,2023,bullore01,Reggie Bullock,DALLAS MAVERICKS,31,0.9452054794520548,30.55072463768116,7.246376811594203,1.4202898550724639,6.043478260869565,0.5362318840579711,5.086956521739131,0.18840579710144928,3.1739130434782608,0.6666666666666666,2.463768115942029,0.37681159420289856,1.9420289855072463,0.463768115942029,2.2028985507246377,0.7536231884057971,0.463768115942029,0.40767386091127095,0.7027027027027026,0.3817663817663817,6.3,0.6,-2.3,-0.2,12.4,0.089,-2.1,1.8,7.9,1.2,0.842,7.0,0.577,6.9,10.0,-0.1,0.062
1234,2023,butleji01,Jimmy Butler,MIAMI HEAT,33,0.7837837837837838,33.310344827586206,22.67241379310345,5.068965517241379,13.89655172413793,8.689655172413794,1.603448275862069,0.3620689655172414,3.706896551724138,1.0,7.362068965517241,7.413793103448276,0.5344827586206896,2.3793103448275863,1.2758620689655173,1.8620689655172413,1.6551724137931034,0.5297766749379652,0.8531746031746031,0.3333333333333333,26.0,1.1,8.5,2.0,13.5,0.625,6.5,8.0,27.3,2.8,0.115,10.7,0.64,8.5,25.7,5.1,0.27
1235,2023,caldwke01,Kentavious Caldwell-Pope,DENVER NUGGETS,29,0.9452054794520548,31.71014492753623,11.057971014492754,2.4782608695652173,8.347826086956522,1.5942028985507246,4.246376811594203,0.4492753623188406,2.260869565217391,1.0,3.9420289855072466,1.3333333333333333,1.8405797101449275,0.4492753623188406,1.9565217391304348,1.463768115942029,1.1304347826086956,0.47222222222222227,0.8363636363636363,0.43344709897610917,9.9,1.3,-0.8,0.5,8.0,0.191,-1.3,1.7,11.8,2.3,0.509,5.0,0.611,11.1,14.0,0.7,0.096
1236,2023,cartewe01,Wendell Carter Jr.,ORLANDO MAGIC,23,0.6712328767123288,30.040816326530614,15.591836734693878,2.4081632653061225,11.040816326530612,3.5510204081632653,3.836734693877551,0.5714285714285714,6.612244897959184,0.9387755102040817,5.816326530612245,2.63265306122449,1.3265306122448979,2.2653061224489797,2.8979591836734695,0.46938775510204084,2.0816326530612246,0.5268022181146026,0.7413793103448276,0.3457446808510638,12.4,1.8,0.6,-0.2,25.2,0.322,0.8,8.5,17.3,0.8,0.348,16.8,0.619,14.2,21.0,1.0,0.121
1237,2023,clarkjo01,Jordan Clarkson,UTAH JAZZ,30,0.8472222222222222,32.59016393442623,20.83606557377049,4.426229508196721,16.901639344262296,4.016393442622951,7.524590163934426,0.21311475409836064,2.8524590163934427,1.0,7.508196721311475,3.278688524590164,2.540983606557377,1.180327868852459,1.9672131147540983,0.5409836065573771,3.0491803278688523,0.4442289039767216,0.8163265306122449,0.33769063180827885,21.0,0.5,-1.4,-2.4,9.4,0.238,1.0,4.0,14.8,0.8,0.445,6.7,0.558,14.0,27.9,0.3,0.047
1238,2023,collijo01,John Collins,ATLANTA HAWKS,25,0.8356164383561644,30.114754098360656,12.852459016393443,1.180327868852459,9.950819672131148,2.3442622950819674,3.262295081967213,1.098360655737705,5.508196721311475,1.0,5.032786885245901,1.9344262295081966,0.8524590163934426,1.0655737704918034,3.180327868852459,0.6229508196721312,1.1639344262295082,0.5057660626029653,0.8251748251748251,0.2613065326633166,5.2,3.1,-1.6,0.3,20.3,0.236,-1.9,3.8,13.3,1.0,0.328,11.9,0.585,9.6,17.0,0.2,0.089
1239,2023,conlemi01,Mike Conley,MINNESOTA TIMBERWOLVES,35,0.20270270270270271,31.533333333333335,13.2,5.266666666666667,9.6,2.4,5.666666666666667,0.2,2.466666666666667,1.0,4.333333333333333,2.2,2.3333333333333335,0.7333333333333333,1.4,1.3333333333333333,1.2666666666666666,0.4513888888888889,0.9166666666666667,0.4117647058823529,22.3,0.6,1.7,0.2,8.6,0.25,1.4,2.7,16.0,2.0,0.59,5.7,0.619,10.6,16.2,0.4,0.15
1240,2023,cunnica01,Cade Cunningham,DETROIT PISTONS,21,0.1643835616438356,33.333333333333336,19.916666666666668,6.0,18.666666666666668,3.5833333333333335,5.083333333333333,0.5833333333333334,5.166666666666667,1.0,7.75,3.0,1.4166666666666667,1.0,2.8333333333333335,0.8333333333333334,3.25,0.4151785714285714,0.8372093023255813,0.27868852459016397,30.5,1.5,-0.7,-0.6,17.8,0.192,-0.1,3.2,14.1,1.2,0.272,10.2,0.492,13.8,29.9,0.1,-0.015
1241,2023,curryst01,Stephen Curry,GOLDEN STATE WARRIORS,34,0.6351351351351351,34.744680851063826,29.80851063829787,6.191489361702128,20.127659574468087,5.23404255319149,11.51063829787234,0.3617021276595745,5.51063829787234,1.0,10.02127659574468,4.787234042553192,4.9787234042553195,0.7021276595744681,2.2127659574468086,0.9574468085106383,3.3404255319148937,0.49788583509513734,0.9146341463414634,0.4325323475046211,29.8,0.9,7.8,0.1,17.2,0.26,7.7,2.3,24.5,1.3,0.572,9.8,0.664,13.0,31.1,4.0,0.191
1242,2023,davisan02,Anthony Davis,LOS ANGELES LAKERS,29,0.6301369863013698,33.608695652173914,25.82608695652174,2.5217391304347827,17.217391304347824,7.739130434782608,1.4782608695652173,2.0869565217391304,9.130434782608695,0.9565217391304348,9.630434782608695,6.173913043478261,0.391304347826087,3.369565217391304,2.6956521739130435,1.0217391304347827,2.347826086956522,0.5593434343434344,0.7977528089887641,0.2647058823529412,12.7,5.3,6.2,1.8,28.0,0.449,4.4,11.1,27.6,1.4,0.086,19.8,0.626,10.2,28.8,3.2,0.216
1243,2023,derozde01,DeMar DeRozan,CHICAGO BULLS,33,0.9027777777777778,36.753846153846155,25.43076923076923,5.076923076923077,17.953846153846154,7.430769230769231,1.7692307692307692,0.5076923076923077,4.2615384615384615,1.0,9.184615384615384,6.461538461538462,0.6,0.47692307692307695,2.646153846153846,1.1076923076923078,2.1538461538461537,0.5115681233933161,0.8695652173913043,0.3391304347826087,22.2,1.3,2.2,0.3,12.8,0.414,2.0,1.5,21.1,1.5,0.099,7.3,0.599,9.2,28.1,2.5,0.159
1244,2023,doncilu01,Luka Dončić,DALLAS MAVERICKS,23,0.7808219178082192,36.280701754385966,32.96491228070175,8.035087719298245,22.05263157894737,11.035087719298245,7.947368421052632,0.49122807017543857,7.771929824561403,1.0,11.035087719298245,8.12280701754386,2.7719298245614037,0.8421052631578947,2.5964912280701755,1.456140350877193,3.6666666666666665,0.5003977724741447,0.7360890302066773,0.3487858719646799,43.4,1.2,9.5,1.6,25.6,0.5,7.9,2.7,29.5,2.0,0.36,13.9,0.613,12.0,38.2,6.0,0.215
1245,2023,dortlu01,Luguentz Dort,OKLAHOMA CITY THUNDER,23,0.8888888888888888,30.359375,14.03125,2.203125,11.796875,3.4375,5.53125,0.3125,2.828125,0.984375,4.71875,2.6875,1.90625,1.515625,3.21875,1.015625,1.296875,0.4,0.7818181818181819,0.3446327683615819,9.8,1.0,-2.5,-0.8,10.2,0.291,-1.7,5.3,11.9,1.6,0.469,7.7,0.527,8.9,20.1,-0.2,0.07
1246,2023,edwaran01,Anthony Edwards,MINNESOTA TIMBERWOLVES,21,0.9594594594594594,36.028169014084504,24.718309859154928,4.436619718309859,19.43661971830986,5.323943661971831,7.323943661971831,0.7183098591549296,5.323943661971831,1.0,8.95774647887324,4.084507042253521,2.7183098591549295,0.5492957746478874,2.4225352112676055,1.6056338028169015,3.3380281690140845,0.4608695652173913,0.7671957671957672,0.37115384615384617,19.3,1.8,1.0,-0.1,16.3,0.274,1.1,1.7,17.6,2.1,0.377,9.1,0.567,13.3,29.8,1.9,0.066
1247,2023,embiijo01,Joel Embiid,PHILADELPHIA 76ERS,28,0.8055555555555556,35.0,33.55172413793103,4.103448275862069,20.448275862068964,11.913793103448276,3.0,1.7586206896551724,8.448275862068966,1.0,11.155172413793103,10.189655172413794,1.0517241379310345,1.8103448275862069,3.206896551724138,1.0689655172413792,3.4655172413793105,0.545531197301855,0.8552821997105644,0.3505747126436782,22.5,4.7,9.0,2.3,28.0,0.583,6.7,6.2,31.5,1.5,0.147,17.3,0.653,11.9,37.2,5.6,0.262
1248,2023,finnedo01,Dorian Finney-Smith,DALLAS MAVERICKS,29,0.547945205479452,32.2,9.125,1.475,7.75,1.0,5.425,0.5,3.025,1.0,3.225,0.75,1.925,1.675,2.0,0.95,0.9,0.4161290322580645,0.75,0.3548387096774194,6.4,1.4,-1.0,-0.2,11.2,0.129,-0.8,6.0,10.1,1.5,0.7,8.6,0.557,9.9,12.8,0.3,0.068
1249,2023,foxde01,De'Aaron Fox,SACRAMENTO KINGS,25,0.8888888888888888,34.046875,25.46875,6.171875,18.40625,6.21875,4.953125,0.3125,3.75,1.0,9.5,4.78125,1.6875,0.515625,2.46875,1.203125,2.609375,0.5161290322580645,0.7688442211055276,0.34069400630914826,29.2,0.8,2.3,-0.9,12.5,0.338,3.2,1.8,21.7,1.7,0.269,7.2,0.602,11.0,30.0,2.4,0.144
1250,2023,fultzma01,Markelle Fultz,ORLANDO MAGIC,24,0.6986301369863014,30.058823529411764,14.03921568627451,5.666666666666667,11.313725490196079,2.607843137254902,1.3725490196078431,0.39215686274509803,2.803921568627451,1.0,5.764705882352941,2.0784313725490198,0.43137254901960786,1.2941176470588236,2.2549019607843137,1.5294117647058822,2.392156862745098,0.509532062391681,0.7969924812030076,0.3142857142857143,29.1,1.3,0.5,0.6,10.7,0.231,-0.2,4.9,16.7,2.5,0.121,7.7,0.563,16.1,21.2,1.0,0.098
1251,2023,garlada01,Darius Garland,CLEVELAND CAVALIERS,23,0.8378378378378378,35.193548387096776,21.93548387096774,7.838709677419355,16.241935483870968,4.82258064516129,6.161290322580645,0.11290322580645161,2.306451612903226,1.0,7.629032258064516,4.112903225806452,2.564516129032258,0.41935483870967744,2.129032258064516,1.2741935483870968,2.8870967741935485,0.46971201588877853,0.8528428093645486,0.4162303664921466,34.9,0.3,3.3,-0.5,7.7,0.297,3.8,1.4,19.8,1.8,0.379,4.6,0.597,13.6,27.0,2.9,0.163
1252,2023,georgpa01,Paul George,LOS ANGELES CLIPPERS,32,0.7534246575342466,34.61818181818182,23.89090909090909,5.1454545454545455,17.945454545454545,5.3090909090909095,7.654545454545454,0.34545454545454546,5.290909090909091,1.0,8.181818181818182,4.654545454545454,2.8727272727272726,0.8,2.8545454545454545,1.4545454545454546,3.1636363636363636,0.45592705167173253,0.8767123287671231,0.3752969121140142,24.6,0.9,2.7,0.2,17.0,0.296,2.5,2.6,19.8,2.1,0.427,9.8,0.589,13.5,29.6,2.3,0.119
1253,2023,giddejo01,Josh Giddey,OKLAHOMA CITY THUNDER,20,0.9166666666666666,30.833333333333332,16.166666666666668,6.136363636363637,14.393939393939394,1.7272727272727273,2.878787878787879,0.4090909090909091,5.818181818181818,1.0,6.96969696969697,1.2878787878787878,0.9393939393939394,2.015151515151515,1.9848484848484849,0.7727272727272727,2.909090909090909,0.4842105263157895,0.7456140350877193,0.3263157894736842,29.8,1.2,0.9,-0.3,20.6,0.12,1.2,6.9,16.9,1.2,0.2,13.6,0.533,16.1,24.4,1.5,0.077
1254,2023,gilgesh01,Shai Gilgeous-Alexander,OKLAHOMA CITY THUNDER,24,0.8333333333333334,35.583333333333336,31.4,5.5,20.366666666666667,10.766666666666667,2.466666666666667,1.0,3.8833333333333333,1.0,10.4,9.733333333333333,0.8666666666666667,0.9,2.716666666666667,1.7,2.8833333333333333,0.5106382978723404,0.9040247678018575,0.35135135135135137,25.7,2.6,7.2,1.5,11.9,0.529,5.7,2.7,27.3,2.3,0.121,7.2,0.625,10.3,32.8,4.9,0.227
1255,2023,goberru01,Rudy Gobert,MINNESOTA TIMBERWOLVES,30,0.8243243243243243,30.639344262295083,13.868852459016393,1.0819672131147542,8.0,4.918032786885246,0.04918032786885246,1.4098360655737705,8.229508196721312,1.0,5.344262295081967,3.180327868852459,0.0,3.2295081967213113,2.9836065573770494,0.819672131147541,1.721311475409836,0.6680327868852459,0.6466666666666666,0.0,5.0,4.1,0.8,0.5,29.6,0.615,0.3,12.1,19.4,1.3,0.006,21.0,0.682,14.5,16.6,1.3,0.178
1256,2023,gordoaa01,Aaron Gordon,DENVER NUGGETS,27,0.821917808219178,30.116666666666667,16.633333333333333,2.933333333333333,11.033333333333333,4.783333333333333,2.533333333333333,0.7333333333333333,4.216666666666667,1.0,6.383333333333334,2.966666666666667,0.9,2.4,1.8833333333333333,0.7666666666666667,1.4833333333333334,0.5785498489425982,0.6202090592334495,0.3552631578947369,13.9,2.2,2.3,-0.5,15.8,0.434,2.8,9.5,20.1,1.2,0.23,12.8,0.633,10.1,21.1,2.0,0.167
1257,2023,gordoer01,Eric Gordon,HOUSTON ROCKETS,34,0.6438356164383562,30.170212765957448,13.085106382978724,2.893617021276596,10.170212765957446,2.872340425531915,5.212765957446808,0.3617021276595745,1.8085106382978724,1.0,4.468085106382978,2.3404255319148937,1.8085106382978724,0.2553191489361702,0.9574468085106383,0.6382978723404256,1.7659574468085106,0.4393305439330544,0.8148148148148148,0.34693877551020413,14.0,1.2,-2.6,-1.6,6.6,0.282,-0.9,0.9,11.4,1.0,0.513,3.8,0.572,13.4,18.1,-0.2,0.039
1258,2023,grantje01,Jerami Grant,PORTLAND TRAIL BLAZERS,28,0.875,35.65079365079365,20.476190476190474,2.380952380952381,14.492063492063492,5.428571428571429,5.698412698412699,0.8412698412698413,3.6507936507936507,1.0,6.888888888888889,4.412698412698413,2.2857142857142856,0.8412698412698413,2.4126984126984126,0.8095238095238095,1.8412698412698412,0.47535596933187296,0.8128654970760234,0.40111420612813364,10.3,2.1,-0.1,-1.4,11.8,0.375,1.3,2.7,16.2,1.1,0.393,7.3,0.606,9.8,22.9,1.1,0.096
1259,2023,greendr01,Draymond Green,GOLDEN STATE WARRIORS,32,0.8648648648648649,31.484375,8.359375,6.75,6.359375,1.53125,1.71875,0.765625,6.46875,1.0,3.359375,1.078125,0.5625,0.859375,3.0625,0.953125,2.59375,0.5282555282555282,0.7040816326530612,0.32727272727272727,27.5,2.1,0.8,2.4,22.3,0.241,-1.6,3.0,12.3,1.4,0.27,12.8,0.594,26.9,12.8,1.4,0.1
1260,2023,greenja05,Jalen Green,HOUSTON ROCKETS,20,0.9041095890410958,34.10606060606061,21.924242424242426,3.5454545454545454,17.96969696969697,5.848484848484849,7.484848484848484,0.2727272727272727,3.3181818181818183,1.0,7.393939393939394,4.621212121212121,2.515151515151515,0.5757575757575758,1.7878787878787878,0.7727272727272727,2.772727272727273,0.4114671163575042,0.7901554404145077,0.3360323886639676,16.8,0.8,-2.4,-2.5,10.7,0.325,0.1,1.8,14.0,1.1,0.417,6.3,0.534,11.9,28.4,-0.2,0.023
1261,2023,halibty01,Tyrese Haliburton,INDIANA PACERS,22,0.7397260273972602,33.74074074074074,20.75925925925926,10.425925925925926,15.092592592592593,3.5555555555555554,7.2592592592592595,0.4444444444444444,3.074074074074074,1.0,7.37037037037037,3.0925925925925926,2.925925925925926,0.5925925925925926,1.2222222222222223,1.6481481481481481,2.5,0.48834355828220855,0.8697916666666667,0.4030612244897959,47.7,1.1,7.2,0.3,10.1,0.236,6.9,2.0,23.7,2.3,0.481,6.0,0.623,13.1,23.8,4.2,0.2
1262,2023,hardati02,Tim Hardaway Jr.,DALLAS MAVERICKS,30,0.8904109589041096,30.153846153846153,13.984615384615385,1.7384615384615385,11.923076923076923,2.276923076923077,7.769230769230769,0.15384615384615385,3.230769230769231,0.6153846153846154,4.661538461538462,1.7384615384615385,2.923076923076923,0.3230769230769231,1.6153846153846154,0.7384615384615385,0.8461538461538461,0.3909677419354839,0.7635135135135136,0.37623762376237624,8.7,0.5,-2.0,-1.5,12.8,0.191,-0.6,1.2,11.7,1.2,0.652,6.9,0.541,6.1,20.7,0.0,0.044
1263,2023,hardeja01,James Harden,PHILADELPHIA 76ERS,33,0.7361111111111112,36.943396226415096,21.37735849056604,10.849056603773585,14.641509433962264,6.528301886792453,7.320754716981132,0.5283018867924528,5.660377358490566,1.0,6.452830188679245,5.660377358490566,2.811320754716981,0.6792452830188679,1.9245283018867925,1.2075471698113207,3.3773584905660377,0.44072164948453607,0.8670520231213873,0.38402061855670105,44.1,1.3,5.7,0.4,17.8,0.446,5.3,2.2,22.1,1.6,0.5,10.1,0.61,16.2,25.3,3.9,0.199
1264,2023,harrito02,Tobias Harris,PHILADELPHIA 76ERS,30,0.9166666666666666,33.07575757575758,14.818181818181818,2.4393939393939394,11.681818181818182,1.6515151515151516,4.484848484848484,0.5757575757575758,4.863636363636363,1.0,5.818181818181818,1.4393939393939394,1.7424242424242424,0.9545454545454546,2.0303030303030303,0.9848484848484849,1.2272727272727273,0.4980544747081712,0.8715596330275229,0.38851351351351354,11.1,1.6,0.7,0.2,17.1,0.141,0.6,3.5,14.9,1.5,0.384,10.4,0.597,9.0,18.4,1.5,0.116
1265,2023,haywago01,Gordon Hayward,CHARLOTTE HORNETS,32,0.6438356164383562,31.53191489361702,14.340425531914894,3.978723404255319,11.48936170212766,3.106382978723404,3.234042553191489,0.2553191489361702,3.6382978723404253,1.0,5.404255319148936,2.4893617021276597,1.0425531914893618,0.6808510638297872,1.446808510638298,0.8723404255319149,1.9787234042553192,0.4703703703703703,0.8013698630136987,0.32236842105263164,18.4,0.7,-1.8,-0.4,12.6,0.27,-1.4,2.2,13.2,1.3,0.281,7.3,0.558,13.3,19.7,0.1,0.054
1266,2023,herroty01,Tyler Herro,MIAMI HEAT,23,0.7972972972972973,35.33898305084746,20.203389830508474,4.288135593220339,16.796610169491526,2.7966101694915255,8.101694915254237,0.2711864406779661,5.220338983050848,1.0,7.288135593220339,2.593220338983051,3.0338983050847457,0.4406779661016949,1.6271186440677967,0.7796610169491526,2.4915254237288136,0.4339051463168517,0.9272727272727274,0.37447698744769875,20.3,0.8,0.5,-0.7,17.9,0.166,1.2,1.4,15.1,1.1,0.482,9.3,0.56,12.1,25.7,1.3,0.068
1267,2023,hieldbu01,Buddy Hield,INDIANA PACERS,30,0.9863013698630136,31.708333333333332,17.13888888888889,2.7083333333333335,13.305555555555555,1.5694444444444444,8.666666666666666,0.3055555555555556,4.138888888888889,1.0,6.083333333333333,1.2916666666666667,3.6805555555555554,0.8611111111111112,1.9722222222222223,1.1666666666666667,1.75,0.4572025052192067,0.8230088495575222,0.42467948717948717,12.7,0.8,1.6,-0.7,14.4,0.118,2.4,3.0,15.3,1.8,0.651,8.7,0.612,11.1,20.9,2.1,0.085
1268,2023,holidjr01,Jrue Holiday,MILWAUKEE BUCKS,32,0.8194444444444444,33.016949152542374,19.23728813559322,7.305084745762712,15.423728813559322,2.694915254237288,6.288135593220339,0.4067796610169492,3.9322033898305087,0.9661016949152542,7.271186440677966,2.3220338983050848,2.3728813559322033,1.152542372881356,1.7966101694915255,1.1694915254237288,2.9322033898305087,0.4714285714285714,0.8616352201257862,0.3773584905660377,33.9,1.0,2.9,0.1,11.9,0.175,2.7,3.8,18.8,1.7,0.408,8.0,0.579,15.0,25.0,2.4,0.145
1269,2023,horfoal01,Al Horford,BOSTON CELTICS,36,0.7671232876712328,30.964285714285715,9.857142857142858,2.9642857142857144,7.535714285714286,0.375,4.964285714285714,0.9285714285714286,5.0,1.0,3.6607142857142856,0.26785714285714285,2.267857142857143,1.1785714285714286,1.9285714285714286,0.48214285714285715,0.5535714285714286,0.485781990521327,0.7142857142857143,0.4568345323741007,13.0,2.6,3.1,1.5,17.5,0.05,1.7,4.2,13.9,0.8,0.659,10.9,0.64,6.7,11.7,2.2,0.155
1270,2023,huntede01,De'Andre Hunter,ATLANTA HAWKS,25,0.8356164383561644,31.9672131147541,15.557377049180328,1.4262295081967213,12.245901639344263,3.278688524590164,4.278688524590164,0.2786885245901639,3.540983606557377,1.0,5.672131147540983,2.6885245901639343,1.5245901639344261,0.6557377049180327,2.9508196721311477,0.5081967213114754,1.2622950819672132,0.4631860776439089,0.82,0.3563218390804597,6.0,0.7,-3.2,-1.4,12.3,0.268,-1.8,2.2,11.7,0.8,0.349,7.2,0.568,8.4,19.7,-0.6,0.059
1271,2023,ingrabr01,Brandon Ingram,NEW ORLEANS PELICANS,25,0.4722222222222222,33.205882352941174,23.235294117647058,5.0,18.0,5.411764705882353,3.9705882352941178,0.4117647058823529,4.470588235294118,1.0,8.5,4.676470588235294,1.5588235294117647,0.4117647058823529,2.6470588235294117,0.6764705882352942,3.235294117647059,0.4722222222222222,0.8641304347826086,0.3925925925925926,24.7,1.2,0.0,-1.0,15.4,0.301,1.0,1.4,17.2,1.0,0.221,8.3,0.57,13.7,30.4,0.6,0.071
1272,2023,iveyja01,Jaden Ivey,DETROIT PISTONS,20,0.8767123287671232,30.40625,15.328125,4.890625,12.546875,4.859375,4.34375,0.265625,2.875,0.984375,5.171875,3.53125,1.453125,1.0,3.15625,0.84375,2.984375,0.4122042341220423,0.7266881028938906,0.3345323741007194,24.6,0.8,-3.3,-1.6,10.8,0.387,-1.7,3.5,11.8,1.3,0.346,7.0,0.522,16.9,24.7,-0.6,0.0
1273,2023,jamesle01,LeBron James,LOS ANGELES LAKERS,38,0.6438356164383562,36.06382978723404,29.53191489361702,6.9361702127659575,22.574468085106382,6.276595744680851,6.914893617021277,0.5531914893617021,7.212765957446808,1.0,11.319148936170214,4.76595744680851,2.127659574468085,1.2127659574468086,1.6808510638297873,0.9361702127659575,3.127659574468085,0.5014137606032045,0.7593220338983051,0.30769230769230765,34.0,1.3,6.3,0.7,20.6,0.278,5.6,3.7,24.3,1.2,0.306,12.5,0.583,11.0,33.3,3.5,0.143
1274,2023,johnsca02,Cameron Johnson,BROOKLYN NETS,26,0.20833333333333334,31.0,16.533333333333335,1.7333333333333334,12.6,4.0,7.133333333333334,0.3333333333333333,4.466666666666667,1.0,5.466666666666667,3.2,2.4,0.5333333333333333,2.1333333333333333,1.4666666666666666,0.8666666666666667,0.4338624338624339,0.8,0.3364485981308411,8.1,0.9,0.8,0.3,15.8,0.317,0.5,2.0,15.8,2.3,0.566,9.1,0.576,5.7,21.8,0.3,0.107
1275,2023,johnske04,Keldon Johnson,SAN ANTONIO SPURS,23,0.821917808219178,32.81666666666667,21.816666666666666,2.85,17.583333333333332,5.133333333333334,6.45,0.18333333333333332,4.166666666666667,1.0,7.916666666666667,3.8666666666666667,2.1166666666666667,0.8666666666666667,2.0166666666666666,0.7333333333333333,2.1666666666666665,0.4502369668246446,0.7532467532467532,0.3281653746770026,13.4,0.5,-2.0,-2.5,14.5,0.292,0.5,2.8,15.2,1.1,0.367,8.4,0.55,9.8,27.8,0.0,0.031
1276,2023,jokicni01,Nikola Jokić,DENVER NUGGETS,27,0.8767123287671232,33.9375,24.734375,9.90625,14.953125,6.015625,2.140625,0.65625,9.46875,1.0,9.484375,4.921875,0.84375,2.4375,2.578125,1.234375,3.546875,0.6342737722048067,0.8181818181818182,0.39416058394160586,46.3,1.7,13.0,4.4,31.5,0.402,8.6,8.6,31.6,1.8,0.143,20.4,0.703,16.8,27.1,8.2,0.312
1277,2023,kuzmaky01,Kyle Kuzma,WASHINGTON WIZARDS,27,0.8767123287671232,34.984375,21.203125,3.734375,17.84375,3.703125,7.515625,0.453125,6.375,1.0,8.0,2.703125,2.5,0.859375,2.265625,0.5625,2.96875,0.44833625218914186,0.729957805907173,0.33264033264033266,16.7,1.1,-1.7,-1.5,19.5,0.208,-0.2,2.9,14.4,0.8,0.421,11.5,0.544,13.2,28.0,0.2,0.024
1278,2023,lavinza01,Zach LaVine,CHICAGO BULLS,27,0.9305555555555556,36.40298507462686,25.044776119402986,4.104477611940299,18.149253731343283,5.6716417910447765,7.313432835820896,0.23880597014925373,4.134328358208955,1.0,8.716417910447761,4.82089552238806,2.791044776119403,0.5671641791044776,2.1343283582089554,0.9402985074626866,2.5522388059701493,0.4802631578947369,0.85,0.38163265306122446,17.8,0.6,1.9,-0.7,12.6,0.313,2.6,1.8,18.9,1.3,0.403,7.3,0.607,11.0,28.1,2.4,0.121
1279,2023,leonaka01,Kawhi Leonard,LOS ANGELES CLIPPERS,31,0.589041095890411,33.651162790697676,23.790697674418606,3.8372093023255816,16.72093023255814,5.395348837209302,4.651162790697675,0.5348837209302325,5.162790697674419,0.9534883720930233,8.55813953488372,4.744186046511628,1.930232558139535,1.1627906976744187,1.5813953488372092,1.441860465116279,1.6046511627906976,0.5118219749652294,0.8793103448275863,0.415,19.5,1.4,6.2,1.1,17.1,0.323,5.2,3.9,24.2,2.1,0.278,10.5,0.623,7.8,26.9,3.0,0.2
1280,2023,leverca01,Caris LeVert,CLEVELAND CAVALIERS,28,0.9054054054054054,30.044776119402986,11.925373134328359,3.970149253731343,10.149253731343284,2.417910447761194,4.2835820895522385,0.29850746268656714,3.1492537313432836,0.417910447761194,4.2835820895522385,1.7462686567164178,1.6119402985074627,0.7611940298507462,2.2238805970149254,0.9552238805970149,1.5970149253731343,0.4220588235294117,0.7222222222222222,0.37630662020905925,18.6,0.9,-0.5,0.8,12.4,0.238,-1.3,3.0,12.2,1.6,0.422,7.7,0.532,12.5,19.1,0.8,0.088
1281,2023,lillada01,Damian Lillard,PORTLAND TRAIL BLAZERS,32,0.7916666666666666,36.36842105263158,32.21052631578947,7.245614035087719,20.75438596491228,9.543859649122806,11.368421052631579,0.3157894736842105,3.982456140350877,1.0,9.614035087719298,8.736842105263158,4.245614035087719,0.7543859649122807,1.894736842105263,0.8771929824561403,3.3157894736842106,0.463229078613694,0.9154411764705882,0.3734567901234568,34.6,0.8,7.1,-1.2,12.6,0.46,8.4,2.4,26.9,1.2,0.548,7.5,0.645,11.7,33.9,4.8,0.217
1282,2023,lopezbr01,Brook Lopez,MILWAUKEE BUCKS,34,0.9583333333333334,30.695652173913043,15.623188405797102,1.318840579710145,11.521739130434783,2.3043478260869565,4.913043478260869,2.4927536231884058,4.72463768115942,1.0,6.0,1.7681159420289856,1.855072463768116,1.9710144927536233,2.536231884057971,0.5072463768115942,1.4057971014492754,0.5207547169811321,0.7672955974842768,0.37758112094395285,6.3,6.6,2.2,1.5,15.4,0.2,0.7,6.9,18.0,0.8,0.426,11.3,0.623,10.1,19.2,2.2,0.157
1283,2023,lowryky01,Kyle Lowry,MIAMI HEAT,36,0.6486486486486487,32.604166666666664,11.75,5.208333333333333,9.3125,2.5208333333333335,5.9375,0.375,3.4375,0.9166666666666666,3.7708333333333335,2.1458333333333335,2.0625,0.7916666666666666,2.75,1.0625,1.9583333333333333,0.40492170022371365,0.8512396694214877,0.3473684210526316,23.2,1.2,0.0,0.9,12.8,0.271,-0.8,2.7,12.4,1.6,0.638,7.6,0.564,15.8,16.8,0.8,0.094
1284,2023,markkla01,Lauri Markkanen,UTAH JAZZ,25,0.875,34.42857142857143,25.444444444444443,1.8412698412698412,17.126984126984127,5.904761904761905,7.634920634920635,0.6031746031746031,6.603174603174603,1.0,8.619047619047619,5.142857142857143,3.0634920634920637,1.9682539682539681,2.0793650793650795,0.6349206349206349,1.9047619047619047,0.5032437442075997,0.8709677419354839,0.40124740124740127,8.5,1.5,3.9,-1.1,20.6,0.345,4.9,6.3,22.3,0.9,0.446,13.5,0.645,8.8,26.3,3.2,0.179
1285,2023,maxeyty01,Tyrese Maxey,PHILADELPHIA 76ERS,22,0.7222222222222222,33.15384615384615,20.01923076923077,3.5,15.26923076923077,3.6346153846153846,6.0,0.1346153846153846,2.3461538461538463,0.6346153846153846,7.230769230769231,3.0576923076923075,2.5,0.4230769230769231,2.1923076923076925,0.7692307692307693,1.3461538461538463,0.473551637279597,0.8412698412698412,0.4166666666666667,17.0,0.4,-0.1,-1.5,8.2,0.238,1.3,1.5,16.6,1.1,0.393,4.9,0.593,7.4,24.5,0.8,0.12
1286,2023,mccolcj01,CJ McCollum,NEW ORLEANS PELICANS,31,0.8888888888888888,35.171875,21.078125,5.953125,18.078125,3.234375,7.375,0.53125,3.59375,1.0,7.859375,2.53125,2.828125,0.8125,2.0,0.890625,2.578125,0.4347450302506482,0.782608695652174,0.3834745762711864,26.4,1.4,0.9,-1.0,11.7,0.179,1.9,2.6,15.9,1.2,0.408,7.1,0.54,11.7,26.9,1.6,0.072
1287,2023,mcdanja02,Jaden McDaniels,MINNESOTA TIMBERWOLVES,22,0.9459459459459459,30.814285714285713,12.071428571428571,1.957142857142857,9.014285714285714,1.8285714285714285,3.4285714285714284,0.9714285714285714,2.7,1.0,4.671428571428572,1.3714285714285714,1.3571428571428572,1.2285714285714286,3.4714285714285715,0.9142857142857143,1.4285714285714286,0.5182250396196514,0.75,0.39583333333333337,8.6,2.8,-1.1,0.4,9.7,0.203,-1.5,4.6,12.2,1.4,0.38,7.2,0.615,12.7,15.6,0.5,0.089
1288,2023,mitchdo01,Donovan Mitchell,CLEVELAND CAVALIERS,26,0.8243243243243243,35.49180327868852,27.360655737704917,4.60655737704918,20.262295081967213,5.147540983606557,9.327868852459016,0.3770491803278688,3.19672131147541,1.0,9.672131147540984,4.508196721311475,3.5081967213114753,0.9508196721311475,2.4262295081967213,1.5245901639344261,2.639344262295082,0.4773462783171521,0.8757961783439491,0.37609841827768015,22.3,1.0,6.0,0.7,10.6,0.254,5.3,3.2,22.5,2.2,0.46,6.9,0.607,10.5,31.7,4.4,0.173
1289,2023,mobleev01,Evan Mobley,CLEVELAND CAVALIERS,21,0.9594594594594594,34.25352112676056,16.154929577464788,2.732394366197183,11.971830985915492,3.9859154929577465,1.3380281690140845,1.408450704225352,6.591549295774648,1.0,6.577464788732394,2.7183098591549295,0.28169014084507044,2.3380281690140845,2.859154929577465,0.7746478873239436,1.9577464788732395,0.5494117647058824,0.6819787985865724,0.2105263157894737,12.0,3.8,1.2,1.5,22.7,0.333,-0.3,8.1,17.5,1.1,0.112,15.4,0.588,12.5,20.5,1.9,0.144
1290,2023,moranja01,Ja Morant,MEMPHIS GRIZZLIES,23,0.7361111111111112,32.471698113207545,27.09433962264151,8.18867924528302,20.641509433962263,8.547169811320755,5.0754716981132075,0.24528301886792453,4.849056603773585,1.0,9.566037735849056,6.3584905660377355,1.6037735849056605,1.1320754716981132,1.6603773584905661,1.1132075471698113,3.3962264150943398,0.463436928702011,0.7439293598233995,0.3159851301115242,41.7,0.7,6.3,0.7,15.7,0.414,5.6,3.7,23.8,1.6,0.246,9.7,0.555,12.2,35.4,3.6,0.155
1291,2023,murphtr02,Trey Murphy III,NEW ORLEANS PELICANS,22,0.9444444444444444,30.029411764705884,13.397058823529411,1.3823529411764706,9.661764705882353,2.0441176470588234,5.955882352941177,0.5294117647058824,2.8970588235294117,0.7941176470588235,4.588235294117647,1.8529411764705883,2.3676470588235294,0.8088235294117647,1.9558823529411764,1.0294117647058822,0.7941176470588235,0.4748858447488584,0.906474820143885,0.39753086419753086,6.5,1.7,1.1,0.1,11.0,0.212,1.0,3.0,14.3,1.7,0.616,7.0,0.634,7.0,16.2,1.6,0.131
1292,2023,murrade01,Dejounte Murray,ATLANTA HAWKS,26,0.9041095890410958,36.40909090909091,20.484848484848484,6.03030303030303,18.0,2.4545454545454546,5.424242424242424,0.2727272727272727,4.696969696969697,1.0,8.272727272727273,2.0303030303030303,1.9090909090909092,0.7272727272727273,1.4545454545454546,1.5303030303030303,2.196969696969697,0.4595959595959596,0.8271604938271605,0.35195530726256985,24.0,0.6,1.0,0.0,14.3,0.136,1.0,2.2,17.0,2.0,0.301,8.1,0.537,10.3,24.6,1.8,0.08
1293,2023,murraja01,Jamal Murray,DENVER NUGGETS,25,0.7945205479452054,33.03448275862069,20.120689655172413,6.068965517241379,16.275862068965516,3.4827586206896552,6.568965517241379,0.20689655172413793,3.189655172413793,1.0,7.327586206896552,2.8793103448275863,2.586206896551724,0.7586206896551724,1.5,1.0344827586206897,2.206896551724138,0.4502118644067797,0.8267326732673267,0.3937007874015748,26.7,0.6,0.8,-1.5,10.9,0.214,2.3,2.7,17.8,1.5,0.404,6.9,0.565,11.0,26.4,1.4,0.111
1294,2023,onealro01,Royce O'Neale,BROOKLYN NETS,29,0.9305555555555556,32.11940298507463,8.850746268656716,3.716417910447761,7.776119402985074,0.9104477611940298,5.447761194029851,0.6268656716417911,4.253731343283582,0.7761194029850746,3.014925373134328,0.6716417910447762,2.1492537313432836,0.746268656716418,3.1492537313432836,0.8805970149253731,1.462686567164179,0.3877159309021113,0.7377049180327869,0.39452054794520547,15.0,1.7,-1.2,0.4,14.5,0.117,-1.6,2.7,9.3,1.3,0.701,8.8,0.541,15.2,13.3,0.4,0.059
1295,2023,oubreke01,Kelly Oubre Jr.,CHARLOTTE HORNETS,27,0.6438356164383562,32.659574468085104,20.51063829787234,1.1063829787234043,17.21276595744681,4.404255319148936,7.148936170212766,0.3829787234042553,3.851063829787234,0.8297872340425532,7.425531914893617,3.3617021276595747,2.297872340425532,1.3829787234042554,2.978723404255319,1.4042553191489362,1.3404255319148937,0.43139678615574784,0.7632850241545895,0.32142857142857145,5.4,1.0,-1.2,-0.9,12.9,0.256,-0.3,4.4,15.0,2.0,0.415,8.5,0.536,6.5,26.3,0.3,0.055
1296,2023,paulch01,Chris Paul,PHOENIX SUNS,37,0.6944444444444444,32.08,13.54,9.16,11.16,2.88,4.26,0.38,3.88,1.0,4.82,2.36,1.54,0.38,2.16,1.62,2.0,0.43189964157706096,0.8194444444444444,0.3615023474178404,39.7,1.1,2.9,1.3,13.7,0.258,1.6,1.3,17.6,2.5,0.382,7.4,0.545,13.9,19.2,2.0,0.152
1297,2023,poolejo01,Jordan Poole,GOLDEN STATE WARRIORS,23,0.9864864864864865,30.47945205479452,20.205479452054796,4.602739726027397,15.712328767123287,4.876712328767123,7.794520547945205,0.2465753424657534,2.315068493150685,0.5753424657534246,6.684931506849315,4.260273972602739,2.5753424657534247,0.410958904109589,2.6164383561643834,0.7945205479452054,3.219178082191781,0.42545771578029645,0.8735955056179775,0.3304042179261863,22.6,0.7,-2.5,-2.0,8.3,0.31,-0.5,1.5,13.9,1.2,0.496,4.9,0.566,15.3,29.0,-0.3,0.046
1298,2023,porteke02,Kevin Porter Jr.,HOUSTON ROCKETS,22,0.684931506849315,34.06,18.68,5.8,14.88,4.54,6.38,0.32,4.14,1.0,6.46,3.54,2.22,1.34,2.62,1.32,3.34,0.4341397849462365,0.7797356828193832,0.3479623824451411,26.4,0.9,0.2,-0.8,13.4,0.305,1.0,4.3,15.6,1.9,0.429,8.8,0.553,16.5,24.6,0.9,0.056
1299,2023,porzikr01,Kristaps Porziņģis,WASHINGTON WIZARDS,27,0.821917808219178,32.71666666666667,22.816666666666666,2.6,15.5,6.633333333333334,5.516666666666667,1.5666666666666667,6.666666666666667,1.0,7.566666666666666,5.616666666666666,2.066666666666667,1.8166666666666667,3.1166666666666667,0.9,2.1666666666666665,0.4881720430107527,0.8467336683417084,0.3746223564954683,12.5,4.0,3.7,0.4,21.8,0.428,3.4,6.5,22.6,1.3,0.356,14.5,0.619,10.5,27.4,2.8,0.17
1300,2023,randlju01,Julius Randle,NEW YORK KNICKS,28,0.9864864864864865,35.93150684931507,25.602739726027398,4.095890410958904,18.794520547945204,7.054794520547945,8.383561643835616,0.2602739726027397,8.273972602739725,1.0,8.67123287671233,5.3561643835616435,2.904109589041096,1.904109589041096,3.0547945205479454,0.6438356164383562,2.8493150684931505,0.4613702623906706,0.7592233009708738,0.3464052287581699,18.6,0.7,4.0,-0.1,25.1,0.375,4.1,5.8,20.8,0.9,0.446,15.5,0.585,11.5,29.6,4.0,0.151
1301,2023,roziete01,Terry Rozier,CHARLOTTE HORNETS,28,0.8493150684931506,35.66129032258065,21.35483870967742,5.112903225806452,19.096774193548388,3.5483870967741935,8.096774193548388,0.25806451612903225,3.2903225806451615,1.0,7.919354838709677,2.870967741935484,2.6451612903225805,0.8225806451612904,1.8870967741935485,1.1774193548387097,2.1451612903225805,0.4146959459459459,0.8090909090909091,0.3266932270916334,22.6,0.6,-0.7,-1.3,10.1,0.186,0.6,2.4,14.7,1.6,0.424,6.1,0.517,9.4,26.8,0.7,0.039
1302,2023,sabondo01,Domantas Sabonis,SACRAMENTO KINGS,26,0.9583333333333334,34.768115942028984,19.08695652173913,7.188405797101449,11.855072463768115,5.550724637681159,1.1014492753623188,0.5217391304347826,9.333333333333334,1.0,7.217391304347826,4.260869565217392,0.391304347826087,3.1594202898550723,3.6231884057971016,0.8260869565217391,2.9130434782608696,0.6088019559902201,0.7676240208877285,0.35526315789473684,29.8,1.3,5.8,1.8,30.4,0.468,4.0,10.6,23.4,1.1,0.093,20.6,0.667,16.9,21.3,4.7,0.222
1303,2023,schrode01,Dennis Schröder,LOS ANGELES LAKERS,29,0.7945205479452054,30.517241379310345,12.741379310344827,4.603448275862069,10.03448275862069,3.706896551724138,3.5,0.1206896551724138,2.2586206896551726,0.8103448275862069,4.172413793103448,3.2241379310344827,1.1724137931034482,0.2413793103448276,2.206896551724138,0.7413793103448276,1.7413793103448276,0.415807560137457,0.8697674418604651,0.33497536945812806,20.3,0.3,-3.1,-0.6,7.6,0.369,-2.5,0.9,11.3,1.1,0.349,4.4,0.546,13.0,18.5,-0.5,0.064
1304,2023,siakapa01,Pascal Siakam,TORONTO RAPTORS,28,0.8493150684931506,37.483870967741936,24.080645161290324,5.935483870967742,18.596774193548388,6.774193548387097,4.112903225806452,0.5161290322580645,5.919354838709677,1.0,8.758064516129032,5.17741935483871,1.3870967741935485,1.8548387096774193,3.2580645161290325,0.8548387096774194,2.4838709677419355,0.47094535993061576,0.7642857142857143,0.33725490196078434,25.2,1.3,2.6,-0.4,19.3,0.364,3.0,5.2,19.8,1.1,0.221,11.8,0.558,10.3,27.3,2.7,0.127
1305,2023,simonan01,Anfernee Simons,PORTLAND TRAIL BLAZERS,23,0.8611111111111112,35.016129032258064,21.06451612903226,4.080645161290323,16.85483870967742,2.8870967741935485,9.064516129032258,0.22580645161290322,2.306451612903226,1.0,7.532258064516129,2.5806451612903225,3.4193548387096775,0.2903225806451613,2.2903225806451615,0.6774193548387096,2.064516129032258,0.44688995215311,0.8938547486033519,0.37722419928825623,18.7,0.6,-1.1,-2.5,7.6,0.171,1.4,1.0,15.0,0.9,0.538,4.3,0.581,10.2,25.2,0.5,0.064
1306,2023,smartma01,Marcus Smart,BOSTON CELTICS,28,0.7397260273972602,32.48148148148148,11.333333333333334,6.425925925925926,9.722222222222221,1.962962962962963,5.425925925925926,0.3888888888888889,2.5,1.0,4.018518518518518,1.4814814814814814,1.8148148148148149,0.7407407407407407,2.8333333333333335,1.5185185185185186,2.462962962962963,0.41333333333333333,0.7547169811320754,0.3344709897610922,27.0,1.0,-1.2,0.6,8.3,0.202,-1.9,2.5,11.9,2.3,0.558,5.5,0.535,18.9,17.6,0.3,0.083
1307,2023,smithja05,Jabari Smith Jr.,HOUSTON ROCKETS,19,0.9452054794520548,30.71014492753623,12.46376811594203,1.2463768115942029,11.014492753623188,2.6231884057971016,5.101449275362318,0.927536231884058,5.681159420289855,1.0,4.434782608695652,2.028985507246377,1.565217391304348,1.4492753623188406,2.869565217391304,0.5217391304347826,1.3768115942028984,0.40263157894736845,0.7734806629834254,0.3068181818181819,5.9,3.0,-3.7,-1.2,20.4,0.238,-2.5,5.2,10.8,0.8,0.463,12.8,0.512,10.2,18.3,-1.0,0.032
1308,2023,tatumja01,Jayson Tatum,BOSTON CELTICS,24,0.9178082191780822,37.43283582089552,29.970149253731343,4.731343283582089,21.253731343283583,8.477611940298507,9.432835820895523,0.746268656716418,7.82089552238806,1.0,9.716417910447761,7.2835820895522385,3.253731343283582,1.0895522388059702,2.1492537313432836,1.0149253731343284,2.955223880597015,0.4571629213483146,0.8591549295774648,0.3449367088607595,21.1,1.7,5.0,0.4,22.6,0.399,4.6,3.2,23.2,1.3,0.444,13.0,0.6,10.6,32.7,4.4,0.173
1309,2023,thompkl01,Klay Thompson,GOLDEN STATE WARRIORS,32,0.8243243243243243,32.9344262295082,22.0,2.4262295081967213,18.262295081967213,2.0327868852459017,10.540983606557377,0.4098360655737705,3.557377049180328,1.0,7.967213114754099,1.7868852459016393,4.278688524590164,0.6229508196721312,1.8524590163934427,0.7213114754098361,1.8032786885245902,0.4362657091561939,0.8790322580645161,0.4059097978227061,11.4,1.1,-0.3,-1.9,11.7,0.111,1.6,2.1,15.0,1.0,0.577,7.0,0.574,8.6,26.7,0.8,0.062
1310,2023,townska01,Karl-Anthony Towns,MINNESOTA TIMBERWOLVES,27,0.28378378378378377,33.76190476190476,20.761904761904763,5.285714285714286,14.428571428571429,4.9523809523809526,5.571428571428571,0.6666666666666666,6.523809523809524,1.0,7.285714285714286,4.380952380952381,1.8095238095238095,1.6666666666666667,3.9047619047619047,0.7619047619047619,3.0952380952380953,0.504950495049505,0.8846153846153847,0.3247863247863248,23.3,1.7,3.3,1.0,21.3,0.343,2.3,5.6,19.2,1.1,0.386,13.6,0.625,15.7,24.9,1.0,0.142
1311,2023,trentga02,Gary Trent Jr.,TORONTO RAPTORS,24,0.863013698630137,32.6031746031746,17.714285714285715,1.5873015873015872,14.396825396825397,3.142857142857143,6.936507936507937,0.2222222222222222,2.1904761904761907,0.6825396825396826,6.253968253968254,2.634920634920635,2.5714285714285716,0.4603174603174603,1.5873015873015872,1.6349206349206349,0.8412698412698413,0.43439911797133407,0.8383838383838383,0.3707093821510298,7.3,0.7,0.2,0.0,8.2,0.218,0.3,1.5,15.1,2.5,0.482,4.6,0.561,5.1,21.7,1.1,0.102
1312,2023,vanvlfr01,Fred VanVleet,TORONTO RAPTORS,28,0.821917808219178,36.96666666666667,19.583333333333332,7.033333333333333,16.2,3.9833333333333334,8.75,0.5666666666666667,3.7666666666666666,1.0,6.483333333333333,3.55,3.066666666666667,0.45,2.816666666666667,1.7166666666666666,1.9666666666666666,0.40020576131687247,0.8912133891213389,0.3504761904761905,27.7,1.5,2.7,0.4,12.5,0.246,2.3,1.3,17.2,2.3,0.54,6.5,0.545,9.9,22.9,2.6,0.125
1313,2023,vassede01,Devin Vassell,SAN ANTONIO SPURS,22,0.4931506849315068,31.166666666666668,18.833333333333332,3.5555555555555554,15.75,2.638888888888889,7.0,0.4444444444444444,3.638888888888889,0.8333333333333334,7.0,2.0833333333333335,2.75,0.2222222222222222,1.4444444444444444,1.1388888888888888,1.4722222222222223,0.4444444444444444,0.7894736842105264,0.39285714285714285,17.2,1.2,0.6,-0.9,13.3,0.168,1.6,0.8,16.1,1.7,0.444,6.8,0.557,8.0,24.4,0.7,0.062
1314,2023,vucevni01,Nikola Vučević,CHICAGO BULLS,32,0.9861111111111112,34.267605633802816,17.760563380281692,3.295774647887324,14.23943661971831,1.9577464788732395,4.507042253521127,0.7887323943661971,9.309859154929578,1.0,7.28169014084507,1.619718309859155,1.5774647887323943,2.028169014084507,2.295774647887324,0.7464788732394366,1.732394366197183,0.5113748763600395,0.8273381294964028,0.35,14.6,2.2,2.6,0.7,30.1,0.137,1.8,6.8,18.9,1.1,0.317,18.7,0.588,10.3,21.7,2.8,0.14
1315,2023,wagnefr01,Franz Wagner,ORLANDO MAGIC,21,0.9726027397260274,32.91549295774648,18.732394366197184,3.507042253521127,14.126760563380282,3.971830985915493,4.647887323943662,0.19718309859154928,3.112676056338028,1.0,6.873239436619718,3.3098591549295775,1.676056338028169,0.8873239436619719,2.295774647887324,0.8873239436619719,2.0985915492957745,0.48654037886340973,0.8333333333333334,0.3606060606060606,16.9,0.6,-0.3,-0.8,10.8,0.281,0.5,3.0,15.8,1.3,0.329,6.9,0.59,11.7,23.5,1.0,0.095
1316,2023,washipj01,P.J. Washington,CHARLOTTE HORNETS,24,0.9315068493150684,32.86764705882353,15.088235294117647,2.338235294117647,13.0,2.3529411764705883,5.720588235294118,1.1323529411764706,3.8676470588235294,1.0,5.705882352941177,1.6911764705882353,1.9852941176470589,0.9852941176470589,2.676470588235294,0.8970588235294118,1.4852941176470589,0.43891402714932126,0.71875,0.34704370179948585,10.4,3.0,-1.6,-0.3,12.8,0.181,-1.3,3.1,12.4,1.3,0.44,7.8,0.538,9.6,19.8,0.2,0.048
1317,2023,westbru01,Russell Westbrook,LOS ANGELES CLIPPERS,34,0.1506849315068493,30.363636363636363,13.090909090909092,7.818181818181818,11.545454545454545,2.727272727272727,3.0,0.2727272727272727,3.909090909090909,1.0,5.181818181818182,1.9090909090909092,0.8181818181818182,1.2727272727272727,2.3636363636363638,1.2727272727272727,3.8181818181818183,0.44881889763779526,0.7000000000000001,0.27272727272727276,38.4,0.8,-1.6,-0.4,14.3,0.236,-1.2,4.7,14.0,2.1,0.26,9.5,0.514,23.1,23.8,0.0,0.033
1318,2023,wiggian01,Andrew Wiggins,GOLDEN STATE WARRIORS,27,0.5,32.16216216216216,17.10810810810811,2.2972972972972974,14.297297297297296,1.945945945945946,6.081081081081081,0.7567567567567568,3.3783783783783785,1.0,6.756756756756757,1.1891891891891893,2.4054054054054053,1.6486486486486487,2.891891891891892,1.2162162162162162,1.2972972972972974,0.47258979206049156,0.6111111111111112,0.39555555555555555,10.6,2.1,-0.6,-0.5,11.4,0.136,-0.1,5.7,14.8,1.8,0.425,8.6,0.564,7.9,21.5,0.4,0.087
1319,2023,willizi01,Zion Williamson,NEW ORLEANS PELICANS,22,0.4027777777777778,32.96551724137931,26.0,4.586206896551724,16.17241379310345,8.551724137931034,0.6551724137931034,0.5517241379310345,4.9655172413793105,1.0,9.827586206896552,6.103448275862069,0.2413793103448276,2.0,2.2413793103448274,1.103448275862069,3.413793103448276,0.6076759061833689,0.713709677419355,0.368421052631579,24.6,1.6,5.7,0.9,17.2,0.529,4.8,6.8,25.3,1.6,0.041,11.9,0.652,14.6,30.3,1.8,0.175
1320,2023,youngtr01,Trae Young,ATLANTA HAWKS,24,0.8767123287671232,34.875,26.734375,10.03125,19.609375,8.453125,6.53125,0.140625,2.28125,1.0,8.515625,7.5,2.203125,0.8125,1.46875,1.125,4.078125,0.4342629482071713,0.8872458410351202,0.3373205741626794,42.6,0.3,3.6,-1.8,7.3,0.431,5.5,2.5,22.5,1.5,0.333,4.8,0.573,14.9,33.1,3.2,0.128
